-- phpMyAdmin SQL Dump
-- version 4.9.7
-- https://www.phpmyadmin.net/
--
-- Host: localhost:3306
-- Generation Time: Jan 11, 2023 at 07:50 PM
-- Server version: 10.2.44-MariaDB-cll-lve
-- PHP Version: 7.4.33

SET SQL_MODE = "NO_AUTO_VALUE_ON_ZERO";
SET AUTOCOMMIT = 0;
START TRANSACTION;
SET time_zone = "+00:00";


/*!40101 SET @OLD_CHARACTER_SET_CLIENT=@@CHARACTER_SET_CLIENT */;
/*!40101 SET @OLD_CHARACTER_SET_RESULTS=@@CHARACTER_SET_RESULTS */;
/*!40101 SET @OLD_COLLATION_CONNECTION=@@COLLATION_CONNECTION */;
/*!40101 SET NAMES utf8mb4 */;

--
-- Database: `tark7474_tarikhastabanan`
--

-- --------------------------------------------------------

--
-- Table structure for table `kategoris`
--

CREATE TABLE `kategoris` (
  `id` bigint(20) UNSIGNED NOT NULL,
  `gambar` varchar(225) COLLATE utf8mb4_unicode_ci NOT NULL,
  `nama_kategori` varchar(255) COLLATE utf8mb4_unicode_ci NOT NULL,
  `deskripsi` longtext COLLATE utf8mb4_unicode_ci NOT NULL,
  `created_at` timestamp NULL DEFAULT NULL,
  `updated_at` timestamp NULL DEFAULT NULL
) ENGINE=InnoDB DEFAULT CHARSET=utf8mb4 COLLATE=utf8mb4_unicode_ci;

--
-- Dumping data for table `kategoris`
--

INSERT INTO `kategoris` (`id`, `gambar`, `nama_kategori`, `deskripsi`, `created_at`, `updated_at`) VALUES
(6, 'img_20102022082659.jpg', 'Tari Wali', 'Tari Wali (Sacred, religious dance) merupakan seni tari yang dipertunjukkan di Pura-pura dan tempat-tempat yang ada hubungannya dengan upacara/upakara agama. Pada umumnya kesenian wali ini tidak memakai lakon. Adapun yang termasuk dalam kategori seni wali yaitu kurang lebih : Tari Rejang, Tari Pendet, Tari Sanghayang dan Tari Baris Upacara. (Buku Filsafat Seni Sakral dalam Kebudayaan Bali.', '2022-10-20 01:26:59', '2022-12-12 08:28:06'),
(7, 'img_20102022082731.jpg', 'Tari Balih-Balihan', 'Tari Balih-balihan (Seculer Dance) merupakan segala seni tari yang mempunyai unsur dan dasar dari seni tari yang luhur. Dalam hal ini tidak tergolong dalam seni tari wali dan bebali. Ciri khas seni tari balih-balihan ini yaitu bersifat inovasi bahkan sangat kontemporer (mengandung seni yang serius dan penuh dengan nilai hiburan). Adapun yang termasuk dalam klasifikasi seni tari balih-balihan adalah Semua aktifitas seni yang dipertunjukan untuk hiburan masyarakat. (Buku Filsafat Seni Sakral dalam Kebudayaan Bali).', '2022-10-20 01:27:31', '2022-12-12 08:28:46'),
(10, 'img_08122022093704.jpg', 'Tari Bebali', 'Tari Bebali (Ceremonial Dance) merupakan seni tari yang berfungsi sebagai pengiring upacara dan upakarayang bertempat di pura-pura dan di luar pura, serta pada umumnya kesenian ini mempergunakan lakon. Adapun yang termasuk dalam klasifikasi seni Bebali adalah sebagai berikut : Seni Topeng dan gambuh (Buku Filsafat Seni Sakral dalam Kebudayaan Bali).', '2022-12-08 14:37:04', '2022-12-12 08:32:59');

-- --------------------------------------------------------

--
-- Table structure for table `migrations`
--

CREATE TABLE `migrations` (
  `id` int(10) UNSIGNED NOT NULL,
  `migration` varchar(255) COLLATE utf8mb4_unicode_ci NOT NULL,
  `batch` int(11) NOT NULL
) ENGINE=InnoDB DEFAULT CHARSET=utf8mb4 COLLATE=utf8mb4_unicode_ci;

--
-- Dumping data for table `migrations`
--

INSERT INTO `migrations` (`id`, `migration`, `batch`) VALUES
(1, '2022_09_12_150808_create_kategoris_table', 1),
(2, '2022_09_12_150808_create_photos_table', 1),
(3, '2022_09_12_150808_create_sanggars_table', 1),
(4, '2022_09_12_150808_create_tarians_table', 1),
(5, '2022_09_12_150808_create_users_table', 1),
(6, '2022_09_12_150808_create_videos_table', 1),
(7, '2022_09_13_152726_create_settings_table', 2),
(8, '2022_09_14_144424_create_kategoris_table', 0),
(9, '2022_09_14_144424_create_photos_table', 0),
(10, '2022_09_14_144424_create_sanggars_table', 0),
(11, '2022_09_14_144424_create_settings_table', 0),
(12, '2022_09_14_144424_create_tarians_table', 0),
(13, '2022_09_14_144424_create_users_table', 0),
(14, '2022_09_14_144424_create_videos_table', 0),
(15, '2022_09_19_110016_create_kategoris_table', 0),
(16, '2022_09_19_110016_create_photos_table', 0),
(17, '2022_09_19_110016_create_sanggars_table', 0),
(18, '2022_09_19_110016_create_settings_table', 0),
(19, '2022_09_19_110016_create_tarians_table', 0),
(20, '2022_09_19_110016_create_users_table', 0),
(21, '2022_09_19_110016_create_videos_table', 0);

-- --------------------------------------------------------

--
-- Table structure for table `photos`
--

CREATE TABLE `photos` (
  `id` bigint(20) UNSIGNED NOT NULL,
  `tarian_id` bigint(20) UNSIGNED DEFAULT NULL,
  `judul_foto` varchar(255) COLLATE utf8mb4_unicode_ci NOT NULL,
  `file_foto` varchar(255) COLLATE utf8mb4_unicode_ci NOT NULL,
  `sumber` varchar(255) COLLATE utf8mb4_unicode_ci NOT NULL,
  `created_at` timestamp NULL DEFAULT NULL,
  `updated_at` timestamp NULL DEFAULT NULL
) ENGINE=InnoDB DEFAULT CHARSET=utf8mb4 COLLATE=utf8mb4_unicode_ci;

--
-- Dumping data for table `photos`
--

INSERT INTO `photos` (`id`, `tarian_id`, `judul_foto`, `file_foto`, `sumber`, `created_at`, `updated_at`) VALUES
(7, NULL, 'Pementasan Tari Legong Andir', 'banner_20102022080431.jpg', 'Sanggar Tari Tantra Dewata', '2022-10-20 01:04:31', '2022-10-20 01:04:31'),
(13, 7, 'Tari Legong Andir', 'foto_20102022090622.jpeg', 'Dokumentasi Sanggar Tari Tantra Dewata', '2022-10-20 02:06:22', '2022-12-12 09:12:39'),
(14, 7, 'Tari Legong Andir', 'foto_20102022090659.jpeg', 'Dokumentasi Sanggar Tari Tantra Dewata', '2022-10-20 02:06:59', '2022-12-12 09:13:12'),
(17, 16, 'Tari Tapak Memedi', 'foto_08122022105906.jpg', 'Ngetis Picture', '2022-12-08 15:59:06', '2022-12-12 09:13:37'),
(18, NULL, 'Jadwal PKB', 'banner_12122022031304.jpeg', 'Info Pesta Kesenian Bali', '2022-12-12 08:13:04', '2022-12-12 08:13:04'),
(20, 7, 'Tari Legong Andir', 'foto_12122022041408.jpeg', 'Dokumentasi Sanggar Tari Tantra Dewata', '2022-12-12 09:14:08', '2022-12-12 09:14:08'),
(21, 16, 'Tari Tapak Memedi', 'foto_12122022041458.jpg', 'Ngetis Picture', '2022-12-12 09:14:58', '2022-12-12 09:14:58'),
(22, 16, 'Tari Tapak Memedi', 'foto_12122022041525.jpg', 'Ngetis Picture', '2022-12-12 09:15:25', '2022-12-12 09:15:25'),
(23, 16, 'Tari Tapak Memedi', 'foto_12122022041554.jpg', 'Ngetis Picture', '2022-12-12 09:15:54', '2022-12-12 09:15:54'),
(24, 16, 'Tari Tapak Memedi', 'foto_12122022041625.jpg', 'Ngetis Picture', '2022-12-12 09:16:25', '2022-12-12 09:16:25'),
(25, 16, 'Tari Tapak Memedi', 'foto_12122022041652.jpg', 'Ngetis Picture', '2022-12-12 09:16:52', '2022-12-12 09:16:52'),
(26, 19, 'Tari Kebyar Duduk', 'foto_12122022041742.jpg', 'Ngetis Picture', '2022-12-12 09:17:42', '2022-12-12 09:17:42'),
(27, 19, 'Tari Kebyar Duduk', 'foto_12122022042144.jpg', 'Ngetis Picture', '2022-12-12 09:21:44', '2022-12-12 09:21:44'),
(28, 19, 'Tari Kebyar Duduk', 'foto_12122022042214.jpg', 'Ngetis Picture', '2022-12-12 09:22:14', '2022-12-12 09:22:14'),
(29, 19, 'Tari Kebyar Duduk', 'foto_12122022042239.jpg', 'Ngetis Picture', '2022-12-12 09:22:39', '2022-12-12 09:22:39'),
(30, 23, 'Tari Putri Angangsuh', 'foto_12122022042326.jpg', 'Ngetis Picture', '2022-12-12 09:23:26', '2022-12-12 09:23:26'),
(31, 23, 'Tari Putri Angangsuh', 'foto_12122022042354.jpg', 'Ngetis Picture', '2022-12-12 09:23:54', '2022-12-12 09:23:54'),
(32, 23, 'Tari Putri Angangsuh', 'foto_12122022042423.jpg', 'Ngetis Picture', '2022-12-12 09:24:23', '2022-12-12 09:24:23'),
(33, 23, 'Tari Putri Angangsuh', 'foto_12122022042450.jpg', 'Ngetis Picture', '2022-12-12 09:24:50', '2022-12-12 09:24:50'),
(34, 24, 'Tari Ngoncang', 'foto_12122022042545.jpg', 'Ngetis Picture', '2022-12-12 09:25:45', '2022-12-12 09:25:45'),
(35, 24, 'Tari Ngoncang', 'foto_12122022042608.jpg', 'Ngetis Picture', '2022-12-12 09:26:08', '2022-12-12 09:26:08'),
(36, 24, 'Tari Ngoncang', 'foto_12122022042631.jpg', 'Ngetis Picture', '2022-12-12 09:26:31', '2022-12-12 09:26:31'),
(37, 24, 'Tari Ngoncang', 'foto_12122022042700.jpg', 'Ngetis Picture', '2022-12-12 09:27:00', '2022-12-12 09:27:00'),
(38, 25, 'Tari Putri Karuna', 'foto_12122022095517.jpg', 'Ngetis Picture', '2022-12-12 14:55:17', '2022-12-12 14:55:17'),
(39, 25, 'Tari Putri Karuna', 'foto_12122022095809.jpg', 'Ngetis Picture', '2022-12-12 14:58:09', '2022-12-12 14:58:09'),
(40, 25, 'Tari Putri Karuna', 'foto_12122022100122.jpg', 'Ngetis Picture', '2022-12-12 15:01:22', '2022-12-12 15:01:22'),
(41, 25, 'Tari Putri Karuna', 'foto_12122022101407.jpg', 'Ngetis Picture', '2022-12-12 15:14:07', '2022-12-12 15:14:07'),
(42, 26, 'Tari Bungan Sandat Serasi', 'foto_12122022101737.jpg', 'Ngetis Picture', '2022-12-12 15:17:37', '2022-12-12 15:17:37'),
(43, 26, 'Tari Bungan Sandat Serasi', 'foto_12122022102434.jpg', 'Ngetis Picture', '2022-12-12 15:24:34', '2022-12-12 15:24:34'),
(44, 26, 'Tari Bungan Sandat Serasi', 'foto_12122022103031.jpg', 'Ngetis Picture', '2022-12-12 15:30:31', '2022-12-12 15:30:31'),
(45, 21, 'Tari Kebyar Terompong', 'foto_12122022105451.jpeg', 'Youtube Made Akira', '2022-12-12 15:54:51', '2022-12-12 15:54:51'),
(46, 21, 'Tari Kebyar Terompong', 'foto_12122022105613.jpeg', 'Youtube Made Akira', '2022-12-12 15:56:13', '2022-12-12 15:56:13'),
(47, 20, 'Tari Leko', 'foto_12122022111041.jpeg', 'Youtube Fandy Bali Channel', '2022-12-12 16:10:41', '2022-12-12 16:10:41'),
(48, 20, 'Tari Leko', 'foto_12122022111123.jpeg', 'Youtube Fandy Bali Channel', '2022-12-12 16:11:23', '2022-12-12 16:11:23'),
(49, 22, 'Tari Oleg Tamulilingan', 'foto_21122022095514.jpeg', 'Tantradewata_entertaiment', '2022-12-21 02:55:14', '2022-12-21 02:55:14'),
(50, 22, 'Tari Oleg Tamulilingan', 'foto_21122022095555.jpeg', 'Tantradewata_entertaiment', '2022-12-21 02:55:55', '2022-12-21 02:55:55'),
(51, 5, 'Tari Kidang Kencana', 'foto_11012023075456.jpeg', 'Youtube Made Akira', '2023-01-11 12:54:56', '2023-01-11 12:54:56'),
(52, 5, 'Tari Kidang Kencana', 'foto_11012023075641.jpeg', 'Youtube Made Akira', '2023-01-11 12:56:15', '2023-01-11 12:56:41');

-- --------------------------------------------------------

--
-- Table structure for table `sanggars`
--

CREATE TABLE `sanggars` (
  `id` bigint(20) UNSIGNED NOT NULL,
  `logo` varchar(225) COLLATE utf8mb4_unicode_ci NOT NULL,
  `nama_sanggar` varchar(255) COLLATE utf8mb4_unicode_ci NOT NULL,
  `pemilik` varchar(255) COLLATE utf8mb4_unicode_ci NOT NULL,
  `no_telp` varchar(225) COLLATE utf8mb4_unicode_ci NOT NULL,
  `tahun_berdiri` varchar(225) COLLATE utf8mb4_unicode_ci NOT NULL,
  `alamat` varchar(255) COLLATE utf8mb4_unicode_ci NOT NULL,
  `titik_kordinat` varchar(255) COLLATE utf8mb4_unicode_ci NOT NULL,
  `deskripsi` longtext COLLATE utf8mb4_unicode_ci NOT NULL,
  `created_at` timestamp NULL DEFAULT NULL,
  `updated_at` timestamp NULL DEFAULT NULL
) ENGINE=InnoDB DEFAULT CHARSET=utf8mb4 COLLATE=utf8mb4_unicode_ci;

--
-- Dumping data for table `sanggars`
--

INSERT INTO `sanggars` (`id`, `logo`, `nama_sanggar`, `pemilik`, `no_telp`, `tahun_berdiri`, `alamat`, `titik_kordinat`, `deskripsi`, `created_at`, `updated_at`) VALUES
(8, 'logo_20102022074311.png', 'Sanggar Tari Ayu', 'Ayu Trisna Dewi Prihatini S.Pd', '08123945364', '1985', 'Gang. IV, Delod Peken, Kec. Tabanan, Kabupaten Tabanan, Bali 82121', '-8.539703887486063, 115.13754308325427', '<p class=\"MsoHeader\" style=\"text-align: justify; tab-stops: 36.0pt;\"><span style=\"font-size: 12.0pt; line-height: 115%; mso-ansi-language: EN-GB;\">Sanggar tari ayu merupakan salah satu sanggar tari yang terdapat di Kabupaten Tabanan dimana sanggar ini berdiri sejak tahun 1985. Sanggar tari ini didirikan oleh Ayu Trisna Dewi Prihatini S.Pd sekaligus menjadi pembina pada sanggar tari tersebut. </span><span lang=\"IN\" style=\"font-size: 12.0pt; line-height: 115%;\">Sanggar Tari Ayu</span><span style=\"font-size: 12.0pt; line-height: 115%; mso-ansi-language: EN-GB;\">. </span><span lang=\"SV\" style=\"font-size: 12.0pt; line-height: 115%; mso-ansi-language: SV;\">Dengan bertambahnya peserta pada tahun 1988 di bangun tempat latihan dan dikelola secara profesional bertempat di jalan Diponegoro no 23 Tabanan dan tahun 2017 pindah ke Jln Debes Gang IV Tabanan yang masih beroprasi sampai sekarang. </span></p>\r\n<p class=\"MsoHeader\" style=\"text-align: justify; tab-stops: 36.0pt;\"><span lang=\"SV\" style=\"font-size: 12.0pt; line-height: 115%; mso-ansi-language: SV;\">Visi dari sanggar tari ayu yaitu Melestarikan budaya Bali melalui belajar menari tari Bali sejak dini.<span style=\"mso-spacerun: yes;\">&nbsp; </span></span></p>\r\n<p class=\"MsoHeader\" style=\"text-align: justify; tab-stops: 36.0pt;\"><span lang=\"IN\" style=\"font-size: 12.0pt; line-height: 115%;\">Misi</span><span style=\"font-size: 12.0pt; line-height: 115%; mso-ansi-language: EN-GB;\"> Sanggar tari ayu yaitu : </span><span lang=\"IN\" style=\"font-size: 12.0pt; line-height: 115%;\">Mengadakan latihan rutin</span><span style=\"font-size: 12.0pt; line-height: 115%; mso-ansi-language: EN-GB;\">, </span><span lang=\"IN\" style=\"font-size: 12.0pt; line-height: 115%;\">Melaksanakan pementasan</span><span style=\"font-size: 12.0pt; line-height: 115%; mso-ansi-language: EN-GB;\">, </span><span lang=\"IN\" style=\"font-size: 12.0pt; line-height: 115%;\">Mengikuti lomba-lomba</span><span style=\"font-size: 12.0pt; line-height: 115%; mso-ansi-language: EN-GB;\">, </span><span lang=\"IN\" style=\"font-size: 12.0pt; line-height: 115%;\">Menanamkan nilai social dan spiritual melalui ngayah di pura</span><span style=\"font-size: 12.0pt; line-height: 115%; mso-ansi-language: EN-GB;\">, </span><span lang=\"IN\" style=\"font-size: 12.0pt; line-height: 115%;\">Menjalin komunikasi dengan orang tua peserta didik</span></p>\r\n<p class=\"MsoNormal\" style=\"text-align: justify;\"><span lang=\"SV\" style=\"font-size: 12.0pt; mso-bidi-font-size: 11.0pt; line-height: 115%; font-family: \'Calibri\',\'sans-serif\'; mso-ascii-theme-font: minor-latin; mso-fareast-font-family: Calibri; mso-fareast-theme-font: minor-latin; mso-hansi-theme-font: minor-latin; mso-bidi-font-family: \'Times New Roman\'; mso-bidi-theme-font: minor-bidi; mso-ansi-language: SV; mso-fareast-language: EN-US; mso-bidi-language: AR-SA;\">Dengan Tujuan yang dimiliki untuk </span><span lang=\"FI\" style=\"font-size: 12.0pt; mso-bidi-font-size: 11.0pt; line-height: 115%; font-family: \'Calibri\',\'sans-serif\'; mso-ascii-theme-font: minor-latin; mso-fareast-font-family: Calibri; mso-fareast-theme-font: minor-latin; mso-hansi-theme-font: minor-latin; mso-bidi-font-family: \'Times New Roman\'; mso-bidi-theme-font: minor-bidi; mso-ansi-language: FI; mso-fareast-language: EN-US; mso-bidi-language: AR-SA;\">Membangkitkan minat ,bakat anak &ndash; anak<span style=\"mso-spacerun: yes;\">&nbsp; </span>terhadap tari Bali mulai dari usia dini serta Melestarikan Budaya Bali khususnya tari Bali.</span></p>', '2022-10-20 00:43:11', '2022-12-20 04:32:50'),
(9, 'logo_20102022082541.jpg', 'Sanggar Tari Putra Ayu', 'Nyoman Purna', '081337657997', '2009', 'Jl. Raya Alas Kedaton, Kukuh, Kec. Marga, Kabupaten Tabanan, Bali 82181.', '-8.522737203939228, 115.15228588325472', '<p class=\"MsoNormal\"><span style=\"font-size: 12.0pt; mso-bidi-font-size: 11.0pt; line-height: 115%; font-family: \'Times New Roman\',\'serif\';\">Sejarah awal berdirinya sanggar ini dilatarbelakangi karena kegemaran dan kecintaan beliau terhadap seni tari.sanggar ini bergerak di bidang seni yang bertujuan untuk menyalurkan aspirasi, memberikan pembinaan, pelatihan-pelatihan, kursus-kursus terkait kesenian dan budaya bali khususnya seni tari seperti tarian tradisional bali maupun tarian kontemporer atau modern, seni vocal, seni music seperti seni music tradisional bali (tetabuhan) maupun seni music modern atau kontemporer. Sejak awal berdiri, sanggar Putra Ayu telah membina sekitar 300 an anak didik dan sekarang memiliki anak didik yang aktif sekitar 200 an orang, sebagai sanggar yang menawarkan wadah untuk belajar menari, sanggar ini juga menyediakan sewa pakaian tari bali.</span></p>\r\n<p class=\"MsoNormal\"><span style=\"font-size: 12.0pt; mso-bidi-font-size: 11.0pt; line-height: 115%; font-family: \'Times New Roman\',\'serif\';\">Sanggar Putra Ayu telah memiliki banyak prestasi di tingkat yang bergengsi, dalam berlomba tak jarang anak-anak sanggar Putra Ayu selalu menjadi juara. Saat ini sanggar putra ayu memiliki 4 orang tenaga pengajar yang sangat berkompeten di bidang tari, sehingga banyak menarik minat orang tua untuk mendaftarkan anak-anaknya di sanggar ini. I Nyoman Purna menuturkan bahwa anak-anak yang belajar di sanggar ini tidak hanya berasal dari Ds. Kukuh tetapi banyak yang berasal dari luar Desa meskipun jaraknya lumayan jauh,</span></p>\r\n<p class=\"MsoNormal\"><span style=\"font-size: 12.0pt; mso-bidi-font-size: 11.0pt; line-height: 115%; font-family: \'Times New Roman\',\'serif\'; mso-fareast-font-family: Calibri; mso-fareast-theme-font: minor-latin; mso-ansi-language: EN-GB; mso-fareast-language: EN-US; mso-bidi-language: AR-SA;\">Sanggar Putra Ayu memiliki Visi yaitu menciptakan generasi muda yang berbudaya, mandiri, kreatif, motivatif dan memiliki keahlian di bidang seni serta membentuk pribadi yang lebih percaya diri untuk menjaga dan melestarikan seni budaya bali.</span></p>', '2022-10-20 01:25:41', '2022-12-20 04:41:24'),
(10, 'logo_08122022085950.jpg', 'Sanggar Tari Tantra Dewata', 'Putu Feby Eka Kawi Tantra,S.M', '081339252259', '2016', 'Br Carik Desa Tista Kerambitan', '-8.5423211,115.074275', '<p>Tahun 2016 Sanggar Tari Tantra Dewata didirikan oleh Putu Feby Eka Kawi Tantra,S.M bersama anggota-anggota sanggar untuk membentuk suatu komunitas seni, yang diberi nama Sanggar Tari Tantra Dewata dengan memiliki tujuan untuk menyatukan persepsi dalam mempelajari seni tari dengan tetap menggunakan pakem. Dari awal terbentuknya , Sanggar Tantra Dewata memiliki anggota diawal sekitar 30-50 an. Dan sekarang sudah mengajar hampir 100 anggota. Saat ini total murid yang terdata sekitar 60 orang. Tujuan dibentuknya sanggar tari yaitu untuk menyatukan persepsi untuk sama-sama belajar dan mendidik tari bali tradisional yang pakem, tegas dan berprestasi. Kegiatan yang ada di sanggar bisa mencangkup latihan tari, sewa pakaian,dll ditambah dengan aktivitas penyewaan kostum tari, event-event, pengisi acara opening dance, festival, pkb, lomba-lomba dan kegiatan tahunan. Dengan biaya pendaftaran sanggar dan latihan setiap minggunya yaitu untuk pendaftaran awal 25 ribu rupiah dan untuk perdatang 5 ribu rupiah.</p>', '2022-12-08 13:59:50', '2022-12-12 16:03:24'),
(11, 'logo_12122022110051.jpeg', 'Sanggar Tari Bianglala', 'Ida Bagus Rai Wijana', '082146551016', '1997', 'Gg. IV, Delod Peken, Kec. Tabanan, Kabupaten Tabanan, Bali 82121', '-8.528781152035798, 115.12860493430193', '<p>Sanggar Tari Bianglala merupakan Sanggar tari yang terdapat di Kabupaten Tabanan yang berdiri sejak tahun 1997. Dahulu sanggar ini awalnya merupakan sanggar topeng dan arja yang dinamakan arja tari Bianglala. Tahun 2000 sanggar ini mulai mengambil kegiatan baru yaitu penabuh Cenkblong sampai tahun 2004. Sanggar ini dari tahun 2004 sampai 2008 mengambil seni wayang joblar yang dipentaskan di beberapa daerah. Sampai saat ini sanggar ini masih eksis dalam mengajarkan tari dan arja bianglala. Anak-anak muda yang mengikuti les di sanggar tari bianglala berasal dari daerah kabupaten tabanan contohnya marga, penebel dan daerah lainnya. Untuk pendaftaran di sanggar pertama kali 100 ribu, dan untuk sehari-hari membayar 5000 dalam latihan 3 jam. Sanggar ini juga menyewakan kostum tarian.</p>', '2022-12-08 14:05:56', '2022-12-12 16:05:31');

-- --------------------------------------------------------

--
-- Table structure for table `settings`
--

CREATE TABLE `settings` (
  `id` bigint(20) UNSIGNED NOT NULL,
  `judul_header` varchar(255) COLLATE utf8mb4_unicode_ci NOT NULL,
  `tentang_kami` longtext COLLATE utf8mb4_unicode_ci NOT NULL,
  `created_at` timestamp NULL DEFAULT NULL,
  `updated_at` timestamp NULL DEFAULT NULL
) ENGINE=InnoDB DEFAULT CHARSET=utf8mb4 COLLATE=utf8mb4_unicode_ci;

--
-- Dumping data for table `settings`
--

INSERT INTO `settings` (`id`, `judul_header`, `tentang_kami`, `created_at`, `updated_at`) VALUES
(1, 'Digitalisasi Budaya Tarian Khas Kabupaten Tabanan', 'Budaya Tari Bali pada umumnya merupakan bagian dari aspek kehidupan masyarakat yang sudah ada serta telah diwariskan sejak zaman dahulu dan sampai saat ini masih melekat dengan masyarakat pada kehidupan sehari-hari. Seni Tari berkembang sebagai sarana pengabdian sosial baik itu dalam kepentingan upacara keagamaan maupun sebagai kegiatan sosial yang mengarah pada fungsi sebagai media komunikasi makna budaya dan sarana hiburan pada lingkungan masyarakat. Di Provinsi Bali persebaran Seni Tari memiliki ciri khas dan keunikan pada masing-masing daerah Kabupaten yang menjadi daya tarik tersendiri, salah satunya yaitu Kabupaten Tabanan. Keindahan dan keunikan dari unsur seni budaya ini juga sangat mempengaruhi perkembangan dan kemajuan di bidang pariwisata, dimana dapat menarik wisatawan asing dalam mengenal budaya Bali. Kabupaten Tabanan merupakan salah satu daerah yang dikenal dengan budaya seninya yang memiliki tarian-tarian khas dengan para seniman pencipta tarian.', NULL, '2022-10-20 02:15:04');

-- --------------------------------------------------------

--
-- Table structure for table `tarians`
--

CREATE TABLE `tarians` (
  `id` bigint(20) UNSIGNED NOT NULL,
  `kategori_id` bigint(20) UNSIGNED NOT NULL,
  `nama_tari` varchar(255) COLLATE utf8mb4_unicode_ci NOT NULL,
  `pencipta_tari` varchar(255) COLLATE utf8mb4_unicode_ci NOT NULL,
  `penata_tabuh` varchar(255) COLLATE utf8mb4_unicode_ci DEFAULT NULL,
  `tahun_cipta` varchar(255) COLLATE utf8mb4_unicode_ci NOT NULL,
  `jenis_tarian` varchar(255) COLLATE utf8mb4_unicode_ci NOT NULL,
  `jumlah_penari` varchar(255) COLLATE utf8mb4_unicode_ci NOT NULL,
  `pakaian` longtext COLLATE utf8mb4_unicode_ci DEFAULT NULL,
  `properti` longtext COLLATE utf8mb4_unicode_ci DEFAULT NULL,
  `deskripsi` longtext COLLATE utf8mb4_unicode_ci NOT NULL,
  `sejarah` longtext COLLATE utf8mb4_unicode_ci DEFAULT NULL,
  `created_at` timestamp NULL DEFAULT NULL,
  `updated_at` timestamp NULL DEFAULT NULL
) ENGINE=InnoDB DEFAULT CHARSET=utf8mb4 COLLATE=utf8mb4_unicode_ci;

--
-- Dumping data for table `tarians`
--

INSERT INTO `tarians` (`id`, `kategori_id`, `nama_tari`, `pencipta_tari`, `penata_tabuh`, `tahun_cipta`, `jenis_tarian`, `jumlah_penari`, `pakaian`, `properti`, `deskripsi`, `sejarah`, `created_at`, `updated_at`) VALUES
(5, 7, 'Tari Kidang Kencana', 'I Gusti Agung Ngurah Suparta', 'I Wayan Beratha', '1983', 'Tari Balih-Balihan', '5 Orang', '<p><!-- [if !supportLists]--><span style=\"font-size: 12pt; line-height: 150%; font-family: \'Times New Roman\', \'serif\';\">1. Celana : Celana dengan bahan kain digunakan untuk menutupi area kaki sampai bawah.</span></p>\r\n<p><!-- [if !supportLists]--><span style=\"font-size: 12pt; line-height: 150%; font-family: \'Times New Roman\', \'serif\';\">2. Baju : Baju dengan bahan kain digunakan untuk menutupi area badan.</span></p>\r\n<p><!-- [if !supportLists]--><span style=\"font-size: 12pt; line-height: 150%; font-family: \'Times New Roman\', \'serif\';\">3. Gelang : Gelang yang digunakan pada kedua tangan dan kaki sebagai aksesoris</span></p>\r\n<p><!-- [if !supportLists]--><span style=\"font-size: 12pt; line-height: 150%; font-family: \'Times New Roman\', \'serif\';\">4. Ampok-ampok : Ampok - Ampok berbahan kulit digunakan pada bagian pinggang seperti sabuk </span></p>\r\n<p><!-- [if !supportLists]--><span style=\"font-size: 12pt; line-height: 150%; font-family: \'Times New Roman\', \'serif\';\">5. Tutup Dada : Tutup dada berupa kain yang digunakan untuk menutupi area dada </span></p>\r\n<p><!-- [if !supportLists]--><span style=\"font-size: 12pt; line-height: 150%; font-family: \'Times New Roman\', \'serif\';\">6. Badong : Badong dengan bahan kulit yang digunakan dari bahu ke dada yang befungsi untuk menutupi badan.</span></p>\r\n<p><!-- [if !supportLists]--><span style=\"font-size: 12pt; line-height: 150%; font-family: \'Times New Roman\', \'serif\';\">7. </span><span style=\"font-size: 12pt; line-height: 150%; font-family: \'Times New Roman\', \'serif\';\">Sumping : Sumping digunakan di telinga sebagai aksesoris</span></p>\r\n<p><span style=\"font-size: 12pt; line-height: 150%; font-family: \'Times New Roman\', \'serif\';\"><span style=\"mso-list: Ignore;\"><span style=\"font-size: 12pt; line-height: 115%; font-family: \'Times New Roman\', \'serif\';\">8. Kalung Kace : Kalung Kace berupa aksesoris yang digunakan pada bagian leher.</span></span></span></p>', 'Tari Kidang Kencana tidak menggunakan Property', '<p>Tari Kidang Kencana merupakan tarian yang \"merekam\" keceriaan sekawanan kijang di keluasan belantara raya. Saat purnama bersinar penuh,satwa bertanduk indah itu menumpahkan kegembiraannya. Berlari, melompat dan saling bercengkerama sambil bermandi cahaya bulan. Namun, keceriaan mereka mendadak berubah gaduh lantaran ada seekor kijang bertingkah yang berujung pada kesalah pahaman. Teman-temannya sepakat untuk mencelakainya. Beruntung, kesalah pahaman itu cepat teratasi dan mereka kembali rukun. Pesona satwa kijang itu sukses ditransformasikan ke dalam\"bahasa\" gerak yang ritmis, dinamis dan estetis oleh koreografer I Gusti Ngurah Supartha yang dipermanis dengan iringan gamelan gong kebyar yang ditata artistik oleh I Wayan Beratha dan sentuhan gegerongan oleh IGB Arsaja. Tari Kidang Kencana merupakan tari bertema binatang kijang yang berkarakter lincah dan gembira. Unsur tari Kidang di antaranya ada gerak tari, busana tari, tata rias tari, dan iringan tari. Baik gerak, busana, tata rias, dan iringan ditata sesuai dengan tema dan karakter tari, sehingga kelihatan bagus dan menarik.</p>', NULL, '2022-10-20 00:52:07', '2022-12-08 15:15:48'),
(7, 6, 'Tari Legong Andir', 'Anonim', 'Anonim', '1985', 'Tari Wali', '1-2 Orang /lakon tarian atau tema', '<h1 class=\"MsoListParagraphCxSpFirst\" style=\"margin-left: 0cm; mso-add-space: auto; text-align: justify; line-height: 150%;\"><span style=\"font-size: 12.0pt; line-height: 150%; font-family: \'Times New Roman\',\'serif\';\">Kostum Condong</span></h1>\r\n<p><!-- [if !supportLists]--><span style=\"font-size: 12.0pt; line-height: 150%; font-family: \'Times New Roman\',\'serif\';\">1. Kamen : untuk menutupi area kaki kebawah penari.</span></p>\r\n<p><!-- [if !supportLists]--><span style=\"font-size: 12.0pt; line-height: 150%; font-family: \'Times New Roman\',\'serif\';\">2. Baju lengan panjang : digunakan untuk menutupi badan dan tangan dengan warna-warna yang mencolok seperti warna pink, merah dan hijau.</span></p>\r\n<p><!-- [if !supportLists]--><span style=\"font-size: 12.0pt; line-height: 150%; font-family: \'Times New Roman\',\'serif\';\">3. Sabuk prada : digunakan pada area badan untuk menutupi atas bawah badan</span></p>\r\n<p><!-- [if !supportLists]--><span style=\"font-size: 12.0pt; line-height: 150%; font-family: \'Times New Roman\',\'serif\';\">4. Oncer slendang&nbsp;<span style=\"mso-spacerun: yes;\">&nbsp;</span>: selendang yang digunakan pada pinggang kanan dan kiri&nbsp;</span></p>\r\n<p><span style=\"font-size: 12.0pt; line-height: 150%; font-family: \'Times New Roman\',\'serif\';\">5. Ampok ampok : digunakan pada diperut seperti sabuk</span></p>\r\n<p><span style=\"font-size: 12.0pt; line-height: 150%; font-family: \'Times New Roman\',\'serif\';\">6. Lamak :&nbsp;</span><span style=\"font-size: 12.0pt; mso-bidi-font-size: 11.0pt; line-height: 150%; font-family: \'Times New Roman\',\'serif\';\">sejenis kain selendang perada panjang sampai ke bawah, letaknya di bawah badong</span></p>\r\n<p><span style=\"font-size: 12.0pt; line-height: 150%; font-family: \'Times New Roman\',\'serif\';\">7. Tutup Dada : kain yang digunakan untuk menutupi area dada</span> <span style=\"font-size: 12.0pt; line-height: 150%; font-family: \'Times New Roman\',\'serif\';\">dengan tujuan hiasan sekaligus memperkuat pakaian yang dikenakan oleh para penarinya.</span></p>\r\n<p><span style=\"font-size: 12.0pt; line-height: 150%; font-family: \'Times New Roman\',\'serif\';\">8. Badong beludru : perhiasan yang terbuat dari beludru dan dikenakan melingkar di leher sehingga menutupi bahu sang penari</span></p>\r\n<p><span style=\"font-size: 12.0pt; line-height: 150%; font-family: \'Times New Roman\',\'serif\';\">9. Gelang kana : digunakan pada kedua lengan atas dan bawah&nbsp;</span></p>\r\n<p><span style=\"font-size: 12.0pt; line-height: 150%; font-family: \'Times New Roman\',\'serif\';\">10. Gelungan yang disakralkan : dipakai di area kepala </span></p>\r\n<p><!-- [if !supportLists]--><span style=\"font-size: 12.0pt; line-height: 150%; font-family: \'Times New Roman\',\'serif\';\">11. Subeng : aksesoris yang digunakan di telinga</span></p>\r\n<h1 class=\"MsoNormal\" style=\"text-align: justify; line-height: 150%;\"><span style=\"font-size: 12.0pt; line-height: 150%; font-family: \'Times New Roman\',\'serif\';\">Kostum Legong :</span></h1>\r\n<p><span style=\"font-size: 12.0pt; line-height: 150%; font-family: \'Times New Roman\',\'serif\';\">1. Kamen : untuk menutupi area kaki kebawah penari.</span></p>\r\n<p><!-- [if !supportLists]--><span style=\"font-size: 12.0pt; line-height: 150%; font-family: \'Times New Roman\',\'serif\';\">2. Baju lengan panjang : digunakan untuk menutupi badan dan tangan dengan warna-warna yang mencolok seperti warna pink, merah dan hijau.</span></p>\r\n<p><span style=\"font-size: 12.0pt; line-height: 150%; font-family: \'Times New Roman\',\'serif\';\">3. Sabuk prada : digunakan pada area badan untuk menutupi atas bawah badan</span></p>\r\n<p><span style=\"font-size: 12.0pt; line-height: 150%; font-family: \'Times New Roman\',\'serif\';\">4. Oncer slendang : selendang yang digunakan pada pinggang kanan dan kiri </span></p>\r\n<p><span style=\"font-size: 12.0pt; line-height: 150%; font-family: \'Times New Roman\',\'serif\';\">5. Ampok ampok: digunakan pada diperut seperti sabuk</span></p>\r\n<p><span style=\"font-size: 12.0pt; line-height: 150%; font-family: \'Times New Roman\',\'serif\';\">6. Simping : digunakan di lengan </span></p>\r\n<p><!-- [if !supportLists]--><span style=\"font-size: 12.0pt; line-height: 150%; font-family: \'Times New Roman\',\'serif\';\">7. Lamak :&nbsp;</span><span style=\"font-size: 12.0pt; mso-bidi-font-size: 11.0pt; line-height: 150%; font-family: \'Times New Roman\',\'serif\';\">sejenis kain selendang perada panjang sampai ke bawah, letaknya di bawah badong</span></p>\r\n<p><span style=\"font-size: 12.0pt; line-height: 150%; font-family: \'Times New Roman\',\'serif\';\">8. Tutup Dada : kain yang digunakan untuk menutupi area dada</span> <span style=\"font-size: 12.0pt; line-height: 150%; font-family: \'Times New Roman\',\'serif\';\">dengan tujuan hiasan sekaligus memperkuat pakaian yang dikenakan oleh para penarinya.</span></p>\r\n<p><span style=\"font-size: 12.0pt; line-height: 150%; font-family: \'Times New Roman\',\'serif\';\">9. Badong beludru : perhiasan yang terbuat dari beludru dan dikenakan melingkar di leher sehingga menutupi bahu sang penari</span></p>\r\n<p><span style=\"font-size: 12.0pt; line-height: 150%; font-family: \'Times New Roman\',\'serif\';\">10. Gelang kana : digunakan pada kedua lengan atas dan bawah</span></p>\r\n<p><span style=\"font-size: 12.0pt; line-height: 150%; font-family: \'Times New Roman\',\'serif\';\">11. Gelungan yang disakralkan : hiasan seperti mahkota yang dipakai di area kepala atau disebut gelungan yang dimana gelungan ini telah disakralkan atau disucikan.</span></p>\r\n<p><span style=\"font-size: 12.0pt; line-height: 115%; font-family: \'Times New Roman\',\'serif\'; mso-fareast-font-family: Calibri; mso-fareast-theme-font: minor-latin; mso-ansi-language: EN-GB; mso-fareast-language: EN-US; mso-bidi-language: AR-SA;\">12. Subeng : aksesoris yang digunakan di telinga</span></p>', 'Pada tarian ini penari menggunakan keris yang sakral atau keris yang disucikan serta menggunakan kipas/kepet sebagai property penari', '<p>Tari andir di Desa Tista adalah sebuah bentuk tari sejenis legong keraton yang oleh masyarakat Tista disebut dengan andir. Tari ini difungsikan sebagai seni wali dan bebali yang dalam pementasannya selalu melibatkan rangda sungsungan masyarakat, baik ditampilkan sebagai bagian dari cerita maupun hanya sebagai &ldquo;saksi&rdquo; pementasannya merupakan subjek yang dipandang sakral oleh masyarakat Desa Tista Kerambitan. Sakral diartikan keramat, suci, kerohanian. Penggunaan peralatan (benda keramat) berupa pelibatan rangda sungsungan (Ratu Ayu Lingsir dan Ratu Ayu Anom), yang dipercaya memiliki kekuatan magis yang dapat melindungi masyarakat Tista setiap kegiatan yang dilakukan selalu melewati suatu proses upacara dengan berbagai upakara yang melengkapinya, pelakunya adalah orang-orang pilihan (dipilih anak-anak gadis yang belum mengalami masa akil balik dan dipandang sebagai penari yang kesenengin yang dipilih dan direstui oleh Tuhan. Tempat pementasannya adalah tempat-tempat suci yang terkait dengan upacara yadnya di pura-pura setempat dan dilakukan tiap 210 hari sekali (tiap enam bulan Bali atau enam kali tiga puluh lima hari. Waktu pementasannya merupakan waktu yang dianggap kramat (sacred time) dan terkait dengan upacara yadnya dan masyarakat pendukung (yang meyakini bahwa tari andir merupakan tari sakral yang kesakralannya bersumber dari rangda sungsungan.</p>', NULL, '2022-10-20 01:59:36', '2022-12-12 06:03:30'),
(16, 7, 'Tari Tapak Memedi', 'I Nyoman Agus Hari Sudarma Giri S.Sn., M.Sn.', 'I Wayan Muder, S.Sn', '2021', 'Tari Balih-Balihan', '8 Orang', '<p class=\"MsoNormal\" style=\"line-height: 150%;\"><span style=\"font-size: 12.0pt; line-height: 150%; font-family: \'Times New Roman\',\'serif\';\">1. Udeng : Udeng terbuat dari kain putih yang diwarnai secara alami untuk memunculkan kesan dekil dan lusuh yang digunakan di kepala.</span></p>\r\n<p class=\"MsoNormal\" style=\"line-height: 150%;\"><span style=\"font-size: 12.0pt; line-height: 150%; font-family: \'Times New Roman\',\'serif\';\">2. Hiasan bungan kuping berbentuk pucuk berwarna merah terbuat dari kain bludru, sebagai aksesoris yang digunakan di telinga.</span></p>\r\n<p><span style=\"font-size: 12.0pt; line-height: 115%; font-family: \'Times New Roman\',\'serif\'; mso-fareast-font-family: Calibri; mso-fareast-theme-font: minor-latin; mso-ansi-language: EN-GB; mso-fareast-language: EN-US; mso-bidi-language: AR-SA;\">3. Badong dan lamak :<span style=\"mso-spacerun: yes;\">&nbsp; </span>Badong dan Lamak terbuat dari kain bludru dengan ornamen benang bali/benang tebus berwarna merah hitam&nbsp;</span></p>\r\n<p class=\"MsoNormal\" style=\"line-height: 150%;\"><span style=\"font-size: 12.0pt; line-height: 150%; font-family: \'Times New Roman\',\'serif\';\">kuning putih selain untuk memperindah gerak penari juga menyampaikan konsep mancawarna.</span></p>\r\n<p class=\"MsoNormal\" style=\"line-height: 150%;\"><span style=\"font-size: 12.0pt; line-height: 150%; font-family: \'Times New Roman\',\'serif\';\">3. Baju dan celana panjang berwarna putih diwarnai secara alami untuk menciptakan kesan lusuh.</span></p>\r\n<p><span style=\"font-size: 12.0pt; line-height: 115%; font-family: \'Times New Roman\',\'serif\'; mso-fareast-font-family: Calibri; mso-fareast-theme-font: minor-latin; mso-ansi-language: EN-GB; mso-fareast-language: EN-US; mso-bidi-language: AR-SA;\">4. Ornamen pelengkap seperti gelang kana, sabuk, dan selendang dengan konsep mancawarna untuk menghiasi dan aksesoris kostum. </span></p>', 'Tari Tapak Memedi tidak menggunakan property', '<p><span style=\"font-size: 12.0pt; line-height: 115%; font-family: \'Times New Roman\',\'serif\'; mso-fareast-font-family: Calibri; mso-fareast-theme-font: minor-latin; mso-ansi-language: EN-GB; mso-fareast-language: EN-US; mso-bidi-language: AR-SA;\">Tapak Memedi dapat diartikan jejak atau memperlihatkan gerak gerik dari memedi. Garapan ini terinspirasi dari tari Baris Memedi yang ada di Desa Jatiluwih Kec. Penebel dan Desa Puluk-puluk Kecamatan Baturiti Kabupaten Tabanan yang dimaknai sebagai pangruwak atau mengantar roh leluhur menuju alam baka dalam upacara Pitra Yadnya atau ngaben. Memedi adalah salah satu jenis mahkluk halus dari alam bawah atau butha yang memiliki sifat jahil, liar dan menyeramkan berdasarkan kepercayaan masyarakat Bali. Keberadaan mahkluk alam bawah seperti memedi sesungguhnya patut kita hormati untuk menciptakan suatu keharmonisan alam sekala dan alam niskala. Hal tersebut dijelaskan dalam konsep Tri Hita Karana dalam agama Hindu yaitu Palemahan yang berarti jalan kebahagiaan dengan menghormati alam dan segala isinya. Ibarat suatu pohon kehidupan, penghormatan alam bawah termasuk memedi merupakan akar atau pondasi menuju pencapaian spiritualitas kebahagiaan, untuk mencapai hasil yang sempurna yang<span style=\"mso-spacerun: yes;\">&nbsp; </span>diharapkan. Maka bagian bawah yang meliputi akar sebagai pondasi harus diperkokoh. Dengan pondasi yang kuat, niscaya kesempurnaan jiwa paripurna dapat tercapai.</span></p>', NULL, '2022-12-08 15:40:51', '2022-12-08 15:40:51'),
(19, 7, 'Tari Kebyar Duduk', 'I Ketut Marya', 'Anonim', '1925', 'Tari Balih-Balihan', '1 orang penari laki-laki', '<p class=\"MsoListParagraphCxSpFirst\" style=\"margin-left: 18.0pt; mso-add-space: auto; text-align: justify; text-indent: -18.0pt; line-height: 150%; mso-list: l0 level1 lfo1;\"><!-- [if !supportLists]--><span style=\"font-size: 12.0pt; mso-bidi-font-size: 11.0pt; line-height: 150%; font-family: \'Times New Roman\',\'serif\'; mso-fareast-font-family: \'Times New Roman\';\"><span style=\"mso-list: Ignore;\">1.<span style=\"font: 7.0pt \'Times New Roman\';\">&nbsp;&nbsp;&nbsp;&nbsp;&nbsp; </span></span></span><!--[endif]--><span style=\"font-size: 12.0pt; mso-bidi-font-size: 11.0pt; line-height: 150%; font-family: \'Times New Roman\',\'serif\';\">Udeng : Udeng digunakan pada area kepala yang terbuat dari kulit dengan berisi bunga emas 1 dibelakang dan kanan kiri berisi bungan mawar.</span></p>\r\n<p class=\"MsoListParagraphCxSpMiddle\" style=\"margin-left: 18.0pt; mso-add-space: auto; text-align: justify; text-indent: -18.0pt; line-height: 150%; mso-list: l0 level1 lfo1;\"><!-- [if !supportLists]--><span style=\"font-size: 12.0pt; mso-bidi-font-size: 11.0pt; line-height: 150%; font-family: \'Times New Roman\',\'serif\'; mso-fareast-font-family: \'Times New Roman\';\"><span style=\"mso-list: Ignore;\">2.<span style=\"font: 7.0pt \'Times New Roman\';\">&nbsp;&nbsp;&nbsp;&nbsp;&nbsp; </span></span></span><!--[endif]--><span style=\"font-size: 12.0pt; mso-bidi-font-size: 11.0pt; line-height: 150%; font-family: \'Times New Roman\',\'serif\';\">Rumbing : Rumbing adalah aksesoris yang digunakan pada telinga</span></p>\r\n<p class=\"MsoListParagraphCxSpMiddle\" style=\"margin-left: 18.0pt; mso-add-space: auto; text-align: justify; text-indent: -18.0pt; line-height: 150%; mso-list: l0 level1 lfo1;\"><!-- [if !supportLists]--><span style=\"font-size: 12.0pt; mso-bidi-font-size: 11.0pt; line-height: 150%; font-family: \'Times New Roman\',\'serif\'; mso-fareast-font-family: \'Times New Roman\';\"><span style=\"mso-list: Ignore;\">3.<span style=\"font: 7.0pt \'Times New Roman\';\">&nbsp;&nbsp;&nbsp;&nbsp;&nbsp; </span></span></span><!--[endif]--><span style=\"font-size: 12.0pt; mso-bidi-font-size: 11.0pt; line-height: 150%; font-family: \'Times New Roman\',\'serif\';\">Kamen : Kamen berupa kain prade yang digunakan untuk menutupi bagian kaki kebawah dengan panjang 2 sampai 3,5 meter </span></p>\r\n<p class=\"MsoListParagraphCxSpMiddle\" style=\"margin-left: 18.0pt; mso-add-space: auto; text-align: justify; text-indent: -18.0pt; line-height: 150%; mso-list: l0 level1 lfo1;\"><!-- [if !supportLists]--><span style=\"font-size: 12.0pt; mso-bidi-font-size: 11.0pt; line-height: 150%; font-family: \'Times New Roman\',\'serif\'; mso-fareast-font-family: \'Times New Roman\';\"><span style=\"mso-list: Ignore;\">4.<span style=\"font: 7.0pt \'Times New Roman\';\">&nbsp;&nbsp;&nbsp;&nbsp;&nbsp; </span></span></span><!--[endif]--><span style=\"font-size: 12.0pt; mso-bidi-font-size: 11.0pt; line-height: 150%; font-family: \'Times New Roman\',\'serif\';\">Sabuk lilit prada : Sabuk lilit prada berupa kain prada yang digunakan untuk menutupi <span style=\"mso-spacerun: yes;\">&nbsp;</span>bagian dada sampai perut digunakan dengan cara dililitkan.</span></p>\r\n<p class=\"MsoListParagraphCxSpMiddle\" style=\"margin-left: 18.0pt; mso-add-space: auto; text-align: justify; text-indent: -18.0pt; line-height: 150%; mso-list: l0 level1 lfo1;\"><!-- [if !supportLists]--><span style=\"font-size: 12.0pt; mso-bidi-font-size: 11.0pt; line-height: 150%; font-family: \'Times New Roman\',\'serif\'; mso-fareast-font-family: \'Times New Roman\';\"><span style=\"mso-list: Ignore;\">5.<span style=\"font: 7.0pt \'Times New Roman\';\">&nbsp;&nbsp;&nbsp;&nbsp;&nbsp; </span></span></span><!--[endif]--><span style=\"font-size: 12.0pt; mso-bidi-font-size: 11.0pt; line-height: 150%; font-family: \'Times New Roman\',\'serif\';\">Ampok ampok : Ampok-ampok berbahan kulit digunakan pada bagian pinggang seperti sabuk</span></p>\r\n<p class=\"MsoListParagraphCxSpMiddle\" style=\"margin-left: 18.0pt; mso-add-space: auto; text-align: justify; text-indent: -18.0pt; line-height: 150%; mso-list: l0 level1 lfo1;\"><!-- [if !supportLists]--><span style=\"font-size: 12.0pt; mso-bidi-font-size: 11.0pt; line-height: 150%; font-family: \'Times New Roman\',\'serif\'; mso-fareast-font-family: \'Times New Roman\';\"><span style=\"mso-list: Ignore;\">6.<span style=\"font: 7.0pt \'Times New Roman\';\">&nbsp;&nbsp;&nbsp;&nbsp;&nbsp; </span></span></span><!--[endif]--><span style=\"font-size: 12.0pt; mso-bidi-font-size: 11.0pt; line-height: 150%; font-family: \'Times New Roman\',\'serif\';\">Badong beludru : Badong dengan bahan beludru yang digunakan untuk menutupi bagian dada.</span></p>\r\n<p class=\"MsoListParagraphCxSpLast\" style=\"margin-left: 18.0pt; mso-add-space: auto; text-align: justify; text-indent: -18.0pt; line-height: 150%; mso-list: l0 level1 lfo1;\"><!-- [if !supportLists]--><span style=\"font-size: 12.0pt; mso-bidi-font-size: 11.0pt; line-height: 150%; font-family: \'Times New Roman\',\'serif\'; mso-fareast-font-family: \'Times New Roman\';\"><span style=\"mso-list: Ignore;\">7.<span style=\"font: 7.0pt \'Times New Roman\';\">&nbsp;&nbsp;&nbsp;&nbsp;&nbsp; </span></span></span><!--[endif]--><span style=\"font-size: 12.0pt; mso-bidi-font-size: 11.0pt; line-height: 150%; font-family: \'Times New Roman\',\'serif\';\">Badong kulit : Badong dengan bahan kulit yang digunakan untuk<span style=\"mso-spacerun: yes;\">&nbsp; </span>menutupi bagian dada diatas badong beludru sebagai variasi pakaian. </span></p>\r\n<p><span style=\"font-size: 12.0pt; mso-bidi-font-size: 11.0pt; line-height: 115%; font-family: \'Times New Roman\',\'serif\'; mso-fareast-font-family: Calibri; mso-fareast-theme-font: minor-latin; mso-ansi-language: EN-GB; mso-fareast-language: EN-US; mso-bidi-language: AR-SA;\">Gelang kana : digunakan pada tangan dan lengan kanan kiri yang terbuat dari kulit</span></p>', 'Tarian ini menggunakan property yaitu Kipas/ kepet', '<p><span style=\"font-size: 12.0pt; mso-bidi-font-size: 11.0pt; line-height: 115%; font-family: \'Times New Roman\',\'serif\'; mso-fareast-font-family: Calibri; mso-fareast-theme-font: minor-latin; mso-ansi-language: EN-GB; mso-fareast-language: EN-US; mso-bidi-language: AR-SA;\">Tari &nbsp;Kebyar &nbsp;Duduk &nbsp;pertama kali berkembang di Kabupaten Tabanan pada tahun 1925 oleh seorang maestro I Ketut Mario. Kelahiran Kebyar Duduk di tahun 1925 mendapat&nbsp;pengaruh&nbsp;besar&nbsp;dari&nbsp;gamelan&nbsp;gong&nbsp;kebyar&nbsp;yang&nbsp;dengan&nbsp;tidak&nbsp;sengaja&nbsp;didengar&nbsp;oleh Mario.Tari ini disebut Kebyar Duduk oleh karena sebagian besar gerak-gerakan tarinya dilakukan dalam posisi duduk dengan kedua kaki menyilang (bersila). Tari Kebyar Duduk menggambarkan seorang pemuda yang menari dengan lincah mengikuti irama gamelan. Tari&nbsp;ini&nbsp;mempunyai keunikan dalam gerak, iringan, dan busana tarinya. Gerak tari yang dilakukan dengan posisi sulit, yaitu setengah jongkok terlihat unik ketika penari dapat bergerak melangkah atau berpindah tempat dengan cepat. Penari menggerakkan kipas dengan lincah sambil melirik dan tersenyum menawan.</span></p>', NULL, '2022-12-10 05:04:41', '2022-12-10 05:04:41'),
(20, 6, 'Tari Leko', 'Anonim', 'Anonim', '1918', 'Tari Wali', '3 Orang (Condong 1, Tari Legong Lasem 2 penari)', '<p class=\"MsoListParagraph\" style=\"margin-left: 0cm; mso-add-space: auto; text-align: justify; line-height: 150%;\"><span style=\"font-size: 12.0pt; line-height: 150%; font-family: \'Times New Roman\',\'serif\';\">Kostum Condong</span></p>\r\n<p><span style=\"font-size: 12.0pt; line-height: 150%; font-family: \'Times New Roman\',\'serif\';\">1. Kamen : untuk menutupi area kaki kebawah penari.</span></p>\r\n<p><span style=\"font-size: 12.0pt; line-height: 150%; font-family: \'Times New Roman\',\'serif\';\">2. Baju lengan panjang : digunakan untuk menutupi badan dan tangan dengan warna-warna yang mencolok seperti warna pink, merah dan hijau.</span></p>\r\n<p><span style=\"font-size: 12.0pt; line-height: 150%; font-family: \'Times New Roman\',\'serif\';\">3. Sabuk prada : digunakan pada area badan untuk menutupi atas bawah badan</span></p>\r\n<p><span style=\"font-size: 12.0pt; line-height: 150%; font-family: \'Times New Roman\',\'serif\';\">4. Oncer slendang<span style=\"mso-spacerun: yes;\">&nbsp; </span>: selendang yang digunakan pada pinggang kanan dan kiri&nbsp;</span></p>\r\n<p><span style=\"font-size: 12.0pt; line-height: 150%; font-family: \'Times New Roman\',\'serif\';\">5.&nbsp; Ampok ampok : digunakan pada diperut seperti sabuk</span></p>\r\n<p><span style=\"font-size: 12.0pt; line-height: 150%; font-family: \'Times New Roman\',\'serif\';\">6. Lamak :&nbsp;</span><span style=\"font-size: 12.0pt; mso-bidi-font-size: 11.0pt; line-height: 150%; font-family: \'Times New Roman\',\'serif\';\">sejenis kain selendang perada panjang sampai ke bawah, letaknya di bawah badong</span></p>\r\n<p><span style=\"font-size: 12.0pt; line-height: 150%; font-family: \'Times New Roman\',\'serif\';\">7. Tutup Dada : kain yang digunakan untuk menutupi area dada</span> <span style=\"font-size: 12.0pt; line-height: 150%; font-family: \'Times New Roman\',\'serif\';\">dengan tujuan hiasan sekaligus memperkuat pakaian yang dikenakan oleh para penarinya.</span></p>\r\n<p><span style=\"font-size: 12.0pt; line-height: 150%; font-family: \'Times New Roman\',\'serif\';\">8. Badong beludru : perhiasan yang terbuat dari beludru dan dikenakan melingkar di leher sehingga menutupi bahu sang penari</span></p>\r\n<p><span style=\"font-size: 12.0pt; line-height: 150%; font-family: \'Times New Roman\',\'serif\';\">9. Gelang kana : digunakan pada kedua lengan atas dan bawah</span></p>\r\n<p><span style=\"font-size: 12.0pt; line-height: 150%; font-family: \'Times New Roman\',\'serif\';\">10. Gelungan yang disakralkan : dipakai di area kepala </span></p>\r\n<p><span style=\"font-size: 12.0pt; line-height: 150%; font-family: \'Times New Roman\',\'serif\';\">11. Subeng : aksesoris yang digunakan di telinga</span></p>\r\n<p class=\"MsoNormal\" style=\"text-align: justify; line-height: 150%;\"><span style=\"font-size: 12.0pt; line-height: 150%; font-family: \'Times New Roman\',\'serif\';\">Kostum Legong :</span></p>\r\n<p><span style=\"font-size: 12.0pt; line-height: 150%; font-family: \'Times New Roman\',\'serif\';\">1. Kamen : untuk menutupi area kaki kebawah penari.</span></p>\r\n<p><span style=\"font-size: 12.0pt; line-height: 150%; font-family: \'Times New Roman\',\'serif\';\">2. Baju lengan panjang : digunakan untuk menutupi badan dan tangan dengan warna-warna yang mencolok seperti warna pink, merah dan hijau.</span></p>\r\n<p><span style=\"font-size: 12.0pt; line-height: 150%; font-family: \'Times New Roman\',\'serif\';\">3. Sabuk prada : digunakan pada area badan untuk menutupi atas bawah badan</span></p>\r\n<p><span style=\"font-size: 12.0pt; line-height: 150%; font-family: \'Times New Roman\',\'serif\';\">4. Oncer slendang : selendang yang digunakan pada pinggang kanan dan kiri </span></p>\r\n<p><span style=\"font-size: 12.0pt; line-height: 150%; font-family: \'Times New Roman\',\'serif\';\">5. Ampok ampok: digunakan pada diperut seperti sabuk</span></p>\r\n<p><span style=\"font-size: 12.0pt; line-height: 150%; font-family: \'Times New Roman\',\'serif\';\">6. Simping : digunakan di lengan </span></p>\r\n<p><span style=\"font-size: 12.0pt; line-height: 150%; font-family: \'Times New Roman\',\'serif\';\">7. Lamak :&nbsp;</span><span style=\"font-size: 12.0pt; mso-bidi-font-size: 11.0pt; line-height: 150%; font-family: \'Times New Roman\',\'serif\';\">sejenis kain selendang perada panjang sampai ke bawah, letaknya di bawah badong</span></p>\r\n<p><span style=\"font-size: 12.0pt; line-height: 150%; font-family: \'Times New Roman\',\'serif\';\">8. Tutup Dada : kain yang digunakan untuk menutupi area dada</span> <span style=\"font-size: 12.0pt; line-height: 150%; font-family: \'Times New Roman\',\'serif\';\">dengan tujuan hiasan sekaligus memperkuat pakaian yang dikenakan oleh para penarinya.</span></p>\r\n<p><span style=\"font-size: 12.0pt; line-height: 150%; font-family: \'Times New Roman\',\'serif\';\">9. Badong beludru : perhiasan yang terbuat dari beludru dan dikenakan melingkar di leher sehingga menutupi bahu sang penari</span></p>\r\n<p><span style=\"font-size: 12.0pt; line-height: 150%; font-family: \'Times New Roman\',\'serif\';\">10. Gelang kana : digunakan pada kedua lengan atas dan bawah</span></p>\r\n<p><span style=\"font-size: 12.0pt; line-height: 150%; font-family: \'Times New Roman\',\'serif\';\">11. Gelungan yang disakralkan : hiasan seperti mahkota yang dipakai di area kepala atau disebut gelungan yang dimana gelungan ini telah disakralkan atau disucikan.</span></p>\r\n<p><span style=\"font-size: 12.0pt; line-height: 150%; font-family: \'Times New Roman\',\'serif\';\"><span style=\"font-size: 12.0pt; line-height: 115%; font-family: \'Times New Roman\',\'serif\'; mso-fareast-font-family: Calibri; mso-fareast-theme-font: minor-latin; mso-ansi-language: EN-GB; mso-fareast-language: EN-US; mso-bidi-language: AR-SA;\">12. Subeng : aksesoris yang digunakan di kedua telinga</span></span></p>', 'Menggunakan Property berupa Kipas/Kepet yang digunakan oleh penari.', '<p><span style=\"font-size: 12.0pt; line-height: 115%; font-family: \'Times New Roman\',\'serif\'; mso-fareast-font-family: Calibri; mso-fareast-theme-font: minor-latin; color: black; mso-themecolor: text1; mso-ansi-language: EN-GB; mso-fareast-language: EN-US; mso-bidi-language: AR-SA;\">Tari Leko merupakan salah satu peninggalan tari tradisi Bali<span style=\"mso-spacerun: yes;\">&nbsp; </span>yang hanya ada di Desa Tunjuk Tabanan dan di Banjar Tunjuk Kelod Desa Tunjuk, Kecamatan Tabanan. Leko adalah nama jenis seni pertunjukan rakyat (tari dan tabuh) yang terdapat di beberapa daerah di Bali. Tari ini mempunyai kemiripan dengan tari Legong Keraton, baik secara struktur tarian, maupun rias busananya. Perbedaan yang sangat menyolok pada tari Leko, adanya momen ibing-ibingan yang menampilkan penanggap (yang punya kepentingan) ke tengah panggung. Cerita dari tarian ini yaitu dimana Masyarakat Desa Tunjuk, seperti umumnya kehidupan masyarakat Bali, masih percaya dengan adanya kekuatan-kekuatan gaib yang ada di sekitar mereka. Kejadian atau peristiwa sehari-hari selalu dikaitkan dengan sebab-akibat yang terjadi karena ulah manusia dan mahluk gaib, misalnya ada hama (ulat) yang tiba-tiba muncul secara bergerombol di halaman rumah, mereka mempercayainya peristiwa seperti itu akan membawa dampak yang buruk bagi keluarga. Atau ada anak yang sakit sudah berminggu-minggu belum sembuh, maka orang tuanya biasanya mesesangi, apabila anak ini sembuh akan menyewa grup atau sekha Leko/wayang kulit. Mesesangi bagi masyarakat Bali adalah hutang yang berkaitan dengan kepercayaan dalam kehidupan mereka. Apabila anak tersebut sembuh, maka orang tuanya wajib menyelenggarakan pertunjukan Leko (atau kesenian lain sesuai janji), dan apabila itu tidak dilaksanakan akan berakibat lebih buruk lagi bagi si anak. Untuk menunjang dan melengkapi kepentingan seperti itulah akan muncul beberapa upacara lengkap dengan perlengkapannya yang disebut upakara. </span></p>', NULL, '2022-12-12 06:49:53', '2022-12-12 06:49:53'),
(21, 7, 'Tari Kebyar Terompong', 'I Ketut Marya', 'Anonim', '1925', 'Tari Balih-Balihan', '1 orang', '<p><span style=\"font-size: 12.0pt; mso-bidi-font-size: 11.0pt; line-height: 150%; font-family: \'Times New Roman\',\'serif\';\">1. Udeng : Udeng digunakan pada area kepala yang terbuat dari kulit dengan berisi bunga emas 1 dibelakang dan kanan kiri berisi bungan mawar.</span></p>\r\n<p><span style=\"font-size: 12.0pt; mso-bidi-font-size: 11.0pt; line-height: 150%; font-family: \'Times New Roman\',\'serif\';\">2. Rumbing : Rumbing adalah aksesoris yang digunakan pada telinga</span></p>\r\n<p><span style=\"font-size: 12.0pt; mso-bidi-font-size: 11.0pt; line-height: 150%; font-family: \'Times New Roman\',\'serif\';\">3. Kamen : Kamen berupa kain prade yang digunakan untuk menutupi bagian kaki kebawah dengan panjang 2 sampai 3,5 meter </span></p>\r\n<p><span style=\"font-size: 12.0pt; mso-bidi-font-size: 11.0pt; line-height: 150%; font-family: \'Times New Roman\',\'serif\';\">4. Sabuk lilit prada : Sabuk lilit prada berupa kain prada yang digunakan untuk menutupi<span style=\"mso-spacerun: yes;\">&nbsp; </span>bagian dada sampai perut digunakan dengan cara dililitkan.</span></p>\r\n<p><span style=\"font-size: 12.0pt; mso-bidi-font-size: 11.0pt; line-height: 150%; font-family: \'Times New Roman\',\'serif\';\">5. Ampok ampok : Ampok-ampok berbahan kulit digunakan pada bagian pinggang seperti sabuk</span></p>\r\n<p><span style=\"font-size: 12.0pt; mso-bidi-font-size: 11.0pt; line-height: 150%; font-family: \'Times New Roman\',\'serif\';\">6. Badong beludru : Badong dengan bahan beludru yang digunakan untuk menutupi bagian dada.</span></p>\r\n<p><span style=\"font-size: 12.0pt; mso-bidi-font-size: 11.0pt; line-height: 150%; font-family: \'Times New Roman\',\'serif\';\">7. Badong kulit : Badong dengan bahan kulit yang digunakan untuk<span style=\"mso-spacerun: yes;\">&nbsp; </span>menutupi bagian dada diatas badong beludru sebagai variasi pakaian. </span></p>\r\n<p><span style=\"font-size: 12.0pt; mso-bidi-font-size: 11.0pt; line-height: 115%; font-family: \'Times New Roman\',\'serif\'; mso-fareast-font-family: Calibri; mso-fareast-theme-font: minor-latin; mso-ansi-language: EN-GB; mso-fareast-language: EN-US; mso-bidi-language: AR-SA;\">8. Gelang kana : digunakan pada tangan dan lengan kanan kiri yang terbuat dari kulit</span></p>', 'Tarian ini menggunakan property yaitu terompong atau gambelan dan panggul', '<p style=\"margin: 0cm; margin-bottom: .0001pt; text-align: justify; line-height: 150%; background: white;\"><span style=\"mso-bidi-font-size: 13.5pt; line-height: 150%;\">Tari kebyar terompong adalah sebuah tarian yang memadukan unsur gerak tari dan permainan gamelan. Tarian ini diciptakan oleh I Ketut Marya pada tahun 1925. Tercipta ketika I Ketut Marya spontan menari diiringi gamelan kebyar. </span>Tari Kebyar Terompong terdiri dari kata kebyar artinya sinar, sedangkan trompong adalah salah satu gamelan diantara seperangkat gamelan gong. Tari Terompong adalah tari yang memukul terompong (salah satu perangkat gamelan Bali).&nbsp;</p>\r\n<p><span style=\"font-size: 11.0pt; mso-bidi-font-size: 13.5pt; line-height: 115%; font-family: \'Calibri\',\'sans-serif\'; mso-ascii-theme-font: minor-latin; mso-fareast-font-family: Calibri; mso-fareast-theme-font: minor-latin; mso-hansi-theme-font: minor-latin; mso-bidi-font-family: \'Times New Roman\'; mso-bidi-theme-font: minor-bidi; mso-ansi-language: EN-GB; mso-fareast-language: EN-US; mso-bidi-language: AR-SA;\">Tari ini merupakan tarian tunggal yang ditarikan oleh seorang penari laki-laki. Awalnya, seorang penari laki-laki akan menari sambil memainkan sebuah kipas, dan diiringi oleh suara gamelan. Setelah itu ia akan menari sambil memainkan gamelan yang disebut terompong. Selanjutnya si penari akan kembali memainkan kipas untuk mengakhiri tariannya. Tarian ini terkenal karena memukau peserta &ldquo;Coast to Coast Tour&rdquo; asal Eropa dan Amerika pada tahun 1957.</span></p>', NULL, '2022-12-12 07:10:08', '2022-12-12 07:10:08'),
(22, 7, 'Tari Oleg Tamulilingan', 'I Ketut Marya', 'I Wayan Sukra', '1952', 'Tari Balih-Balihan', '1 orang laki-laki dan 1 orang perempuan', '<p class=\"MsoNormal\" style=\"text-align: justify; line-height: 150%;\"><span style=\"font-size: 12.0pt; mso-bidi-font-size: 11.0pt; line-height: 150%; font-family: \'Times New Roman\',\'serif\';\">Kostum Wanita</span></p>\r\n<p><span style=\"font-size: 12.0pt; mso-bidi-font-size: 11.0pt; line-height: 150%; font-family: \'Times New Roman\',\'serif\';\">1. Kamen : Kamen berupa kain prade yang digunakan untuk menutupi bagian kaki kebawah dengan isi kancut dibelakang&nbsp;</span></p>\r\n<p><span style=\"font-size: 12.0pt; line-height: 150%; font-family: \'Times New Roman\',\'serif\';\">2. Angkin :<span style=\"mso-spacerun: yes;\">&nbsp; </span>Angkin berupa kain prade sebagai penutup badan yang berfungsi untuk menutup badan agar terlihat lekuk dari tubuh penari yang digunakan di badan.</span></p>\r\n<p><span style=\"font-size: 12.0pt; mso-bidi-font-size: 11.0pt; line-height: 150%; font-family: \'Times New Roman\',\'serif\';\">3. Selendang : Selendang berupa kain dengan warna kuning berjumlah 2 yang digunakan pada pinggang kanan dan kiri</span></p>\r\n<p><span style=\"font-size: 12.0pt; mso-bidi-font-size: 11.0pt; line-height: 150%; font-family: \'Times New Roman\',\'serif\';\">4. Tutup dada :&nbsp;</span><span style=\"font-size: 12.0pt; line-height: 150%; font-family: \'Times New Roman\',\'serif\';\">Tutup dada berupa kain yang digunakan untuk menutupi area dada&nbsp;</span></p>\r\n<p><span style=\"font-size: 12.0pt; mso-bidi-font-size: 11.0pt; line-height: 150%; font-family: \'Times New Roman\',\'serif\';\">5. Ampok-ampok : Ampok - Ampok berbahan kulit digunakan pada bagian pinggang seperti sabuk</span><span style=\"font-size: 12.0pt; line-height: 150%; font-family: \'Times New Roman\',\'serif\';\"> </span></p>\r\n<p><span style=\"font-size: 12.0pt; mso-bidi-font-size: 11.0pt; line-height: 150%; font-family: \'Times New Roman\',\'serif\';\">6. Badong : Badong dengan bahan kulit yang&nbsp;</span><span style=\"font-size: 12.0pt; line-height: 150%; font-family: \'Times New Roman\',\'serif\';\">digunakan dari bahu ke dada yang befungsi untuk menutupi badan.</span></p>\r\n<p><span style=\"font-size: 12.0pt; mso-bidi-font-size: 11.0pt; line-height: 150%; font-family: \'Times New Roman\',\'serif\';\">7. Gelang kana : Gelang Kana digunakan pada tangan dan lengan kanan kiri yang terbuat dari kulit.</span></p>\r\n<p><span style=\"font-size: 12.0pt; mso-bidi-font-size: 11.0pt; line-height: 150%; font-family: \'Times New Roman\',\'serif\';\">8. Subeng : Subeng berupa aksesoris yang digunakan pada telinga</span></p>\r\n<p><span style=\"font-size: 12.0pt; mso-bidi-font-size: 11.0pt; line-height: 150%; font-family: \'Times New Roman\',\'serif\';\">9. Petites Gelungan oleg : Gelungan yang digunakan pada area kepala ditusuk dengan bunga emas 15 biji.</span></p>\r\n<p class=\"MsoNormal\" style=\"text-align: justify; line-height: 150%;\"><span style=\"font-size: 12.0pt; mso-bidi-font-size: 11.0pt; line-height: 150%; font-family: \'Times New Roman\',\'serif\';\">Kostum Pria</span></p>\r\n<p><span style=\"font-size: 12.0pt; mso-bidi-font-size: 11.0pt; line-height: 150%; font-family: \'Times New Roman\',\'serif\';\">1. Udeng : Udeng digunakan pada area kepala yang terbuat dari kulit dengan berisi bunga emas 1 dibelakang dan kanan kiri berisi bungan mawar.</span></p>\r\n<p><span style=\"font-size: 12.0pt; mso-bidi-font-size: 11.0pt; line-height: 150%; font-family: \'Times New Roman\',\'serif\';\">2. Rumbing : Rumbing adalah aksesoris yang digunakan pada telinga</span></p>\r\n<p><span style=\"font-size: 12.0pt; mso-bidi-font-size: 11.0pt; line-height: 150%; font-family: \'Times New Roman\',\'serif\';\">3. Kamen : Kamen berupa kain prade yang digunakan untuk menutupi bagian kaki kebawah dengan panjang 2 sampai 3,5 meter </span></p>\r\n<p><span style=\"font-size: 12.0pt; mso-bidi-font-size: 11.0pt; line-height: 150%; font-family: \'Times New Roman\',\'serif\';\">4. Sabuk lilit prada : Sabuk lilit prada berupa kain prada yang digunakan untuk menutupi<span style=\"mso-spacerun: yes;\">&nbsp; </span>bagian dada sampai perut digunakan dengan cara dililitkan.</span></p>\r\n<p><span style=\"font-size: 12.0pt; mso-bidi-font-size: 11.0pt; line-height: 150%; font-family: \'Times New Roman\',\'serif\';\">5. Ampok ampok : Ampok-ampok berbahan kulit digunakan pada bagian pinggang seperti sabuk</span></p>\r\n<p><span style=\"font-size: 12.0pt; mso-bidi-font-size: 11.0pt; line-height: 150%; font-family: \'Times New Roman\',\'serif\';\">6. Badong beludru : Badong dengan bahan beludru yang digunakan untuk menutupi bagian dada.</span></p>\r\n<p><span style=\"font-size: 12.0pt; mso-bidi-font-size: 11.0pt; line-height: 150%; font-family: \'Times New Roman\',\'serif\';\">7. Badong kulit : Badong dengan bahan kulit yang digunakan untuk<span style=\"mso-spacerun: yes;\">&nbsp; </span>menutupi bagian dada diatas badong beludru sebagai variasi pakaian. </span></p>\r\n<p><span style=\"font-size: 12.0pt; mso-bidi-font-size: 11.0pt; line-height: 150%; font-family: \'Times New Roman\',\'serif\';\"><span style=\"font-size: 12.0pt; mso-bidi-font-size: 11.0pt; line-height: 115%; font-family: \'Times New Roman\',\'serif\'; mso-fareast-font-family: Calibri; mso-fareast-theme-font: minor-latin; mso-ansi-language: EN-GB; mso-fareast-language: EN-US; mso-bidi-language: AR-SA;\">8. Gelang kana : digunakan pada tangan dan lengan kanan kiri yang terbuat dari kulit</span></span></p>', 'Tari Oleg Tamulilingan tidak menggunakan property.', '<p><span style=\"font-size: 12.0pt; mso-bidi-font-size: 11.0pt; line-height: 115%; font-family: \'Times New Roman\',\'serif\'; mso-fareast-font-family: Calibri; mso-fareast-theme-font: minor-latin; mso-ansi-language: EN-GB; mso-fareast-language: EN-US; mso-bidi-language: AR-SA;\">Tari Oleg Tamulilingan diciptakan oleh seniman besar tari Bali yaitu I Mario. Oleg dapat berarti gerakan yang lemah gemulai, sedangkan tamulilingan berarti kumbang pengisap madu bunga. Tari Oleg Tamulilingan melukiskan gerak-gerik seekor kumbang, yang sedang bermain-main dan bermesra-mesraan dengan sekuntum bunga di sebuah taman. Tarian ini digarap tahun 1952 atas permintaan John Coast, budayawan asal Inggris yang sangat terkesan dengan kesenian Bali, untuk dipromosikan ke Eropa dan Amerika Serikat. Tari ini merupakan tari berpasangan ditarikan oleh seorang panari wanita dan seorang penari laki-laki. Gerakan-gerakan Tari Oleg Tamulilingan menggambarkan keluwesan seorang penari wanita, dan kegagahan penari laki-laki. Kedua penari menampilkan gerakan-gerakan bermesraan dengan penuh dinamika.<span style=\"mso-spacerun: yes;\">&nbsp; </span>Gerakan lemah gemulai tari Oleg ini nampak pada bagian pengadeng saat penari memegang oncer yang bergantian dengan kedua tangan ditekuk silang di depan dada, sambil bergoyang ke kanan dan ke kiri.&nbsp;</span></p>', NULL, '2022-12-12 07:19:59', '2022-12-12 07:19:59'),
(23, 7, 'Tari Putri Angangsuh', 'Nyoman Suarsa', 'I Made Arnawa, S. Skar.', '1981', 'Tari Balih-Balihan', '8 Orang', '<p><span style=\"font-size: 12.0pt; line-height: 150%; font-family: \'Times New Roman\',\'serif\';\">1. Kamen: Kamen berupa kain dengan nuansa gelap&nbsp;<span style=\"mso-spacerun: yes;\">&nbsp;</span>yang berfungsi sebagai penutup badan bagian bawah digunakan dengan cara dililitkan di sepanjang badan kebawah</span></p>\r\n<p><!-- [if !supportLists]--><span style=\"font-size: 12.0pt; line-height: 150%; font-family: \'Times New Roman\',\'serif\';\">2. Angkin : Angkin dengan warna hitam polos yang digunakan sebagai penutup badan agar terlihat lekukan tubuh dari penari.&nbsp;</span></p>\r\n<p><span style=\"font-size: 12.0pt; line-height: 150%; font-family: \'Times New Roman\',\'serif\';\">3. Slendang : Slendang berupa kain dengan warna motif batik yang berfungsi sebagai penutup dada sampai perut yang digunakan dengan cara dililitkan di bagian dada.</span></p>\r\n<p><!-- [if !supportLists]--><span style=\"font-size: 12.0pt; line-height: 150%; font-family: \'Times New Roman\',\'serif\';\">4. Subeng : aksesoris yang digunakan pada kedua telinga penari</span></p>', 'Tari Putri Angangsuh tidak menggunakan property', '<p><span style=\"font-size: 12.0pt; line-height: 115%; font-family: \'Times New Roman\',\'serif\'; mso-fareast-font-family: Calibri; mso-fareast-theme-font: minor-latin; mso-ansi-language: EN-GB; mso-fareast-language: EN-US; mso-bidi-language: AR-SA;\">Tari ini menceritakan tentang kehidupan para gadis desa tempo dulu di pulau dewata dimana pada saat menjelang senja mereka pergi bersama untuk mengambil air di pancoran. Senda gurau serta canda tawa mereka telah kuasa menghiasi alam sekitarnya terwujud dengan cantiknya. Dalam tari garapan ini penata mencoba memainkan pola-pola pukulan gangsa, reong dan permainan kendang serta mengolah irama melodi dan tempo sehingga menjadi suatu garapan yang melodis serta dipadukan dengan gerakan penari yang lemah lembut, serta kadang-kadang enerjik sehingga menjadi suatu garapan tari yang indah dan menarik dengan penata tari I Nyoman Suarsa dan penata tabuh I Made Arnawa, S. Skar.</span></p>', NULL, '2022-12-12 07:24:52', '2022-12-12 07:24:52'),
(24, 7, 'Tari Ngoncang', 'Ni Putu Yuna Sri Rejeki, S.Pd, M.Pd', 'I Wayan Muder, S.Sn', '2021', 'Tari Balih-Balihan', '9 Orang', '<p><span style=\"font-size: 12.0pt; line-height: 150%; font-family: \'Times New Roman\',\'serif\';\">1. Kamen : Kamen berupa kain yang digunakan untuk menutupi bagian kaki kebawah yang dibuat seperti memeliki kesan orang-orang desa jaman dahulu</span></p>\r\n<p><span style=\"font-size: 12.0pt; line-height: 150%; font-family: \'Times New Roman\',\'serif\';\">2. Angkin :<span style=\"mso-spacerun: yes;\">&nbsp; </span>Angkin yang digunakan sebagai penutup badan agar terlihat lekukan tubuh dari penari.&nbsp;</span></p>\r\n<p><span style=\"font-size: 12.0pt; line-height: 150%; font-family: \'Times New Roman\',\'serif\';\">3. Pending : Pending dengan bahan kulit yang digunakan pada bagian perut sejenis sabuk.</span></p>\r\n<p><span style=\"font-size: 12.0pt; line-height: 150%; font-family: \'Times New Roman\',\'serif\';\">4. Kalung:&nbsp;<span style=\"mso-spacerun: yes;\">&nbsp;</span>Aksesoris yang digunakan oleh penari pada bagian leher&nbsp;</span></p>\r\n<p><span style=\"font-size: 12.0pt; line-height: 150%; font-family: \'Times New Roman\',\'serif\';\">5. Baju lengan setengah : Baju untuk menutupi bagian perut dengan pemakaian setengah lengan di kanan</span></p>\r\n<p><span style=\"font-size: 12.0pt; line-height: 115%; font-family: \'Times New Roman\',\'serif\'; mso-fareast-font-family: Calibri; mso-fareast-theme-font: minor-latin; mso-ansi-language: EN-GB; mso-fareast-language: EN-US; mso-bidi-language: AR-SA;\">6. Subeng : Aksesoris yang digunakan di telinga</span></p>', 'Tarian ini menggunakan properti yaitu Lesung  yaitu alat tumbuk tradisonal masyarakat zaman dahulu.', '<p><span style=\"font-size: 12.0pt; line-height: 115%; font-family: \'Times New Roman\',\'serif\'; mso-fareast-font-family: Calibri; mso-fareast-theme-font: minor-latin; mso-ansi-language: EN-GB; mso-fareast-language: EN-US; mso-bidi-language: AR-SA;\">Tari Ngoncang, yang terinspirassi pada upacara pitra yadnya terdapat tradisi kebersamaan yang disebut ngoncang. Sarana yang dipergunakan adalah alat-alat menumpuk padi seperti &ldquo;lesung&rdquo; dan &ldquo;luu&rdquo; yang bahannya dari pohon kayu kering. Tradisi ini dimainkan oleh beberapa orang dengan cara menegtuk lesung dengan luu secara bergantian, saling mengisi dan saing terkait sama lainnya, sehingga menimbulkan bunyi yang indah dan gemuruh. Bunyi tersebut adalah suatu pertanda untuk para binatang dan alam sekitarnya bahwa diselenggarakan upacara yadnya. Demikian juga halnya anak-anak sudah terbiasa memainkan tradisi ini, sambil bercanda ria meskipun secara teknik tidak beraturan. Tradisi ngoncang ini memiliki filosofi yaitu terjalinnya keharmonisan sesame manusia dengan lingkungan. Tari kreasi baru ini ditata oleh Ni Putu Yuna Sri Rejeki dan I Wayan Muder selaku penata tabuh </span></p>', NULL, '2022-12-12 07:29:44', '2022-12-12 07:29:44'),
(25, 7, 'Tari Putri Karuna', 'I Wayan Juana Adi Saputra S.Si', 'I Putu Purwwangsa Nagara, S.Sn dan Kadek Agus Pusaka Adiputra, S.Sn', '2021', 'Tari Balih-Balihan', '8 orang', '<p><span style=\"font-size: 12.0pt; line-height: 150%; font-family: \'Times New Roman\',\'serif\';\">1. Rok : Kain dengan bentuk rok yang digunakan untuk menutupi bagian kaki kebawah</span></p>\r\n<p><span style=\"font-size: 12.0pt; line-height: 150%; font-family: \'Times New Roman\',\'serif\';\">2. Rempel : Rempel berupa kain variasi yang digunakan pada daerah kaki kebawah di sebelah kiri berbentuk segitiga.</span></p>\r\n<p><span style=\"font-size: 12.0pt; line-height: 150%; font-family: \'Times New Roman\',\'serif\';\">3. Angkin :<span style=\"mso-spacerun: yes;\">&nbsp; </span>Angkin yang digunakan sebagai penutup badan agar terlihat lekukan tubuh dari penari.</span></p>\r\n<p><span style=\"font-size: 12.0pt; line-height: 150%; font-family: \'Times New Roman\',\'serif\';\">4. Baju setengah lengan : Baju untuk menutupi bagian perut dengan pemakaian setengah lengan.</span></p>\r\n<p><span style=\"font-size: 12.0pt; line-height: 150%; font-family: \'Times New Roman\',\'serif\';\">5. Pending : Pendinh dengan bahan kulit yang berfungsi untuk mempertegas aksen lekukan tubuh penari yang digunakan pada pinggang.</span></p>\r\n<p><span style=\"font-size: 12.0pt; line-height: 115%; font-family: \'Times New Roman\',\'serif\'; mso-fareast-font-family: Calibri; mso-fareast-theme-font: minor-latin; mso-ansi-language: EN-GB; mso-fareast-language: EN-US; mso-bidi-language: AR-SA;\">6. Subeng : Aksesoris yang digunakan di telinga</span></p>', 'Tarian ini menggunakan property berupa kendi yang berfungsi sebagai tempat air dan pohon-pohonan.', '<p><span style=\"font-size: 12.0pt; mso-bidi-font-size: 11.0pt; line-height: 115%; font-family: \'Times New Roman\',\'serif\'; mso-fareast-font-family: Calibri; mso-fareast-theme-font: minor-latin; mso-ansi-language: EN-GB; mso-fareast-language: EN-US; mso-bidi-language: AR-SA;\">Tari Putri Karuna ini diceritakan yaitu, Putri Karuna merupakan putri penyayang tumbuh-tumbuhan, dengan tema yang digunakan yaitu Wana Ketih, hutan sesuai fungsi ada disebutkan Sri Wana yang artinya Hutan sebagai sumber membangun kemakmuran ekonomi. Salah satu Hutan diantaranya lading atau tegal yang ditanami pepohonan penghasil buah-buahan akan selalu dijaga kesuburannya, maka aktifitas para gadis Desa dalam sehari-hari adalah bergotong royong sambal bercanda ria menyiram pepohonan dan kadang kadang mereka melingkari salah satu pohon yang dianggap angker dengan kain yang berwarna hitam putih yang dikenal dengan poleng. Perilaku tersebut memiliki filosofi sangat tinggi, dimana para leluhur mengajarkan untuk memanusiakan lingkungan, sehingga pohon pohonan tersebut akan diperlakukan layaknya memperlakukan manusia, senantiasa terjaga keharmonisan umat manusia dengan lingkungannya.</span></p>', NULL, '2022-12-12 07:34:51', '2022-12-12 07:34:51');
INSERT INTO `tarians` (`id`, `kategori_id`, `nama_tari`, `pencipta_tari`, `penata_tabuh`, `tahun_cipta`, `jenis_tarian`, `jumlah_penari`, `pakaian`, `properti`, `deskripsi`, `sejarah`, `created_at`, `updated_at`) VALUES
(26, 7, 'Tari Bungan Sandat Serasi', 'Ni Luh Nyoman Sri Suryati S.Sn', 'I Wayan Muder S.Sn', '2012', 'Tari Balih-Balihan', '7 Orang', '<p><span style=\"font-size: 12.0pt; line-height: 150%; font-family: \'Times New Roman\',\'serif\';\">1. Gelungan : Gelungan berbentuk mengerucut dihiasi dengan bungan sandat palsu dan rambut terurai berfungsi sebagai penutup kepala yang ditempatkan di kepala&nbsp;</span></p>\r\n<p><span style=\"font-size: 12.0pt; line-height: 150%; font-family: \'Times New Roman\',\'serif\';\">2. Tapih : Tapih berbentuk kain prade warna kuning dengan fungsi sebagai alas kamen agar terlihat lebih rapi yang digunakan dengan cara dililitkan di sepanjang badan kebawah</span></p>\r\n<p><span style=\"font-size: 12.0pt; line-height: 150%; font-family: \'Times New Roman\',\'serif\';\">3. Kamen : Kamen berupa kain prade warna hijau seperti warna bungan sandat yang berfungsi sebagai penutup badan bagian bawah</span></p>\r\n<p><span style=\"font-size: 12.0pt; line-height: 150%; font-family: \'Times New Roman\',\'serif\';\">4. Rempel :<span style=\"mso-spacerun: yes;\">&nbsp; </span>Rempel berupa kain variasi lelancingan warna putih, kuning, dan pink berfungsi sebagai pemanis bentuk pakaian sehingga mirip seperti putri-putri raja yang digunakan sepanjang pinggang dan pinggul</span></p>\r\n<p><span style=\"font-size: 12.0pt; line-height: 150%; font-family: \'Times New Roman\',\'serif\';\">5. Angkin : Angkin berupa kain prade sebagai penutup badan yang berfungsi untuk menutup badan agar terlihat lekuk dari tubuh penari yang digunakan di badan.</span></p>\r\n<p><span style=\"font-size: 12.0pt; line-height: 150%; font-family: \'Times New Roman\',\'serif\';\">6. Selendang : Selendang berupa kain prade warna hijau dibentuk seperti bunga didada yang berfungsi sebagai penutup dada dan memberikan aksen manis seperti kembang bunga digunakan dengan dililitkan dibagian dada.</span></p>\r\n<p><span style=\"font-size: 12.0pt; line-height: 150%; font-family: \'Times New Roman\',\'serif\';\">7. Baju : Baju dengan bahan kaos berwarna kuning dipakai bentuk untuk menutupi dada dan punggung yang berfungsi untuk menutupi dada dan punggung agar terlihat rapi yang digunakan di area badan atas.</span></p>\r\n<p><span style=\"font-size: 12.0pt; line-height: 150%; font-family: \'Times New Roman\',\'serif\';\">8. Badong : Badong dengan bahan kulit digunakan di dada yang berfungsi sebagai penutup leher agar tampak harmonis</span></p>\r\n<p><span style=\"font-size: 12.0pt; line-height: 150%; font-family: \'Times New Roman\',\'serif\';\">9. Pending : Pending dengan bahan kulit yang berfungsi untuk mempertegas aksen lekukan tubuh penari yang digunakan pada pinggang.</span></p>\r\n<p><span style=\"font-size: 12.0pt; line-height: 115%; font-family: \'Times New Roman\',\'serif\'; mso-fareast-font-family: Calibri; mso-fareast-theme-font: minor-latin; mso-ansi-language: EN-GB; mso-fareast-language: EN-US; mso-bidi-language: AR-SA;\">10. Subeng : Subeng berbahan perak dengan memiliki fungsi untuk mempermanis telinga</span></p>', 'Sampian Cane yang terbuat dari kayu dengan hiasan ental dan bunga-bunga yang berfungsi sebagai ungkapan rasa syukur atas karunia Tuhan terhadap bungan sandat terkait keagungan, keharuman, dan keindahan. Sampian Cane ini dibawa ditangan penari saat menari.', '<p class=\"MsoNormal\" style=\"text-align: justify; line-height: 150%;\"><span style=\"font-size: 12.0pt; line-height: 150%; font-family: \'Times New Roman\',\'serif\';\">Bungan sandat adalah Sebuah Pohon Bunga yang paling dekat hubungannya dengan manusia. Kebaikan dari Bunga Sandat pada intinya menyebrkan bau yang sangat harum sehingga idola dari setiap orang.</span></p>\r\n<p class=\"MsoNormal\" style=\"text-align: justify; line-height: 150%;\"><span style=\"font-size: 12.0pt; line-height: 150%; font-family: \'Times New Roman\',\'serif\';\">Terkait dengan aktivitas masyarakat Hindu di Bali khususnya di Kabupaten Tabanan Bunga Sandat erat hubungannya dengan Upacara Agama. Secara Filosofi yang dilandasi dengan konsep Tri Hita Karana Bunga Sandat bermakna dan berfungsi sebagai sarana atau gambaran dalam kehidupan masyarakat.</span></p>\r\n<ol>\r\n<li class=\"MsoNormal\" style=\"text-align: justify; line-height: 150%;\"><!-- [if !supportLists]--><span style=\"font-size: 12.0pt; line-height: 150%; font-family: \'Times New Roman\',\'serif\';\">Parahyangan : Bunga Sandat sering di gunakan untuk persembahan kepada Ida Sang Hyang Widhi Wasa dan sering dipakai untuk merias Pratima (Simbol Keagungan Bungan Sandat).</span></li>\r\n<li class=\"MsoNormal\" style=\"text-align: justify; line-height: 150%;\"><span style=\"font-size: 12.0pt; line-height: 150%; font-family: \'Times New Roman\',\'serif\';\">Pawongan : Bunga Sandat sering digunakan dalam Upacara manusia Yadnya (metatah, pawiwahan) dipakai untuk rias Agung (Simbol Keharuman Bunga Sandat sebagai cerminan berprilaku yang baik sesame manusia)</span></li>\r\n<li class=\"MsoNormal\" style=\"text-align: justify; line-height: 150%;\">Palemahan : Bunga Sandat sering ditanam di perkarangan rumah atau sekitarnya (Simbol Keindahan Bunga Sandat yang merupakan perwujudan keharmonisan dengan lingkungan sehingga menjadi sangat serasi.</li>\r\n</ol>', NULL, '2022-12-12 08:06:27', '2022-12-14 01:34:11');

-- --------------------------------------------------------

--
-- Table structure for table `users`
--

CREATE TABLE `users` (
  `id` bigint(20) UNSIGNED NOT NULL,
  `nama_user` varchar(255) COLLATE utf8mb4_unicode_ci NOT NULL,
  `username` varchar(255) COLLATE utf8mb4_unicode_ci NOT NULL,
  `password` varchar(255) COLLATE utf8mb4_unicode_ci NOT NULL,
  `created_at` timestamp NULL DEFAULT NULL,
  `updated_at` timestamp NULL DEFAULT NULL
) ENGINE=InnoDB DEFAULT CHARSET=utf8mb4 COLLATE=utf8mb4_unicode_ci;

--
-- Dumping data for table `users`
--

INSERT INTO `users` (`id`, `nama_user`, `username`, `password`, `created_at`, `updated_at`) VALUES
(1, 'Yoga', 'ADMIN20220912031448', '$2y$10$83XnsGWYgdAyFR5HJEDyA.LriAQQqds8tubGeb9hSTXu9USu3.eba', '2022-09-12 07:14:49', '2022-09-12 07:14:49'),
(3, 'Dwi Lestari', 'ADMIN20221020080548', '$2y$10$mu9me/i6uuI8TpuBskYKyumbGjSgECpQu8af0JrhvSpR.KLIzWoe.', '2022-10-20 01:05:48', '2022-10-20 01:05:48'),
(4, 'Alit', 'ADMIN20221208085102', '$2y$10$nlxDg9z2hBOrYB9dN8Cdsec9eqGcQadJV9PcVSgZg.pjALQMZR2CC', '2022-12-08 01:51:02', '2022-12-08 01:51:02'),
(5, 'Alit', 'ADMIN20221208085112', '$2y$10$FzANuf/KpPLvwjmLwUIo8OGC8RjaqCaAx0i2ZVQGTAZ8ydi/pQ1cu', '2022-12-08 01:51:12', '2022-12-08 01:51:12');

-- --------------------------------------------------------

--
-- Table structure for table `videos`
--

CREATE TABLE `videos` (
  `id` bigint(20) UNSIGNED NOT NULL,
  `tarian_id` bigint(20) UNSIGNED NOT NULL,
  `judul_video` varchar(255) COLLATE utf8mb4_unicode_ci NOT NULL,
  `file_video` varchar(255) COLLATE utf8mb4_unicode_ci DEFAULT NULL,
  `link_youtube` longtext COLLATE utf8mb4_unicode_ci DEFAULT NULL,
  `sumber` varchar(255) COLLATE utf8mb4_unicode_ci NOT NULL,
  `created_at` timestamp NULL DEFAULT NULL,
  `updated_at` timestamp NULL DEFAULT NULL
) ENGINE=InnoDB DEFAULT CHARSET=utf8mb4 COLLATE=utf8mb4_unicode_ci;

--
-- Dumping data for table `videos`
--

INSERT INTO `videos` (`id`, `tarian_id`, `judul_video`, `file_video`, `link_youtube`, `sumber`, `created_at`, `updated_at`) VALUES
(6, 7, 'Tari Legong Andir', NULL, 'https://www.youtube.com/embed/X5wGywnwGbQ', 'Youtube Tantra Dewata Channel', '2022-11-08 06:58:54', '2023-01-09 04:39:45'),
(8, 5, 'Tari Kidang Kencana', NULL, 'https://www.youtube.com/embed/AFaSgT8dtvU', 'Youtube Made Akira', '2022-11-10 05:14:24', '2022-11-10 05:14:24'),
(10, 16, 'Tari Tapak Memedi', NULL, 'https://www.youtube.com/embed/FdxnuM1TijA', 'Youtube Ngetis Picture', '2022-12-08 15:48:58', '2022-12-08 15:48:58'),
(14, 19, 'Tari Kebyar Duduk', NULL, 'https://www.youtube.com/embed/tseH3IrDptw', 'Youtube Ngetis Picture', '2022-12-12 08:38:09', '2022-12-12 08:38:09'),
(15, 20, 'Tari Leko', NULL, 'https://www.youtube.com/embed/Am2LQ0yfW6A', 'Fandy Bali Channel', '2022-12-12 08:39:48', '2022-12-12 08:39:48'),
(16, 21, 'Tari Kebyar Terompong', NULL, 'https://www.youtube.com/embed/N9z0pgFb9Hc', 'Youtube Made Akira', '2022-12-12 08:42:18', '2022-12-12 08:42:18'),
(17, 22, 'Tari Oleg Tamulilingan', NULL, 'https://www.youtube.com/embed/1HU1iRAJ7hQ', 'Youtube Ngetis Picture', '2022-12-12 08:44:03', '2022-12-12 08:44:03'),
(18, 23, 'Tari Putri Angangsuh', NULL, 'https://www.youtube.com/embed/Ft0m1zY7rwQ', 'Youtube Ngetis Picture', '2022-12-12 08:45:08', '2022-12-12 08:45:08'),
(19, 24, 'Tari Ngoncang', NULL, 'https://www.youtube.com/embed/gv_1LbBWXJk', 'Youtube Ngetis Picture', '2022-12-12 08:46:36', '2022-12-12 08:46:36'),
(20, 25, 'Tari Putri Karuna', NULL, 'https://www.youtube.com/embed/4K-QUaYScUU', 'Youtube Ngetis Picture', '2022-12-12 08:47:40', '2022-12-12 08:47:40'),
(21, 26, 'Tari Bungan Sandat Serasi', NULL, 'https://www.youtube.com/embed/O7OsknTu1cs', 'Youtube Ngetis Picture', '2022-12-12 08:48:47', '2022-12-12 08:48:47'),
(22, 23, 'Tari Putri Angangsuh', NULL, 'https://www.youtube.com/embed/Al2aLHfjwuw', 'Youtube Tantra Dewata Channel', '2023-01-09 04:32:27', '2023-01-09 04:32:27');

--
-- Indexes for dumped tables
--

--
-- Indexes for table `kategoris`
--
ALTER TABLE `kategoris`
  ADD PRIMARY KEY (`id`);

--
-- Indexes for table `migrations`
--
ALTER TABLE `migrations`
  ADD PRIMARY KEY (`id`);

--
-- Indexes for table `photos`
--
ALTER TABLE `photos`
  ADD PRIMARY KEY (`id`),
  ADD KEY `photos_tarian_id_foreign` (`tarian_id`);

--
-- Indexes for table `sanggars`
--
ALTER TABLE `sanggars`
  ADD PRIMARY KEY (`id`);

--
-- Indexes for table `settings`
--
ALTER TABLE `settings`
  ADD PRIMARY KEY (`id`);

--
-- Indexes for table `tarians`
--
ALTER TABLE `tarians`
  ADD PRIMARY KEY (`id`),
  ADD KEY `tarians_kategori_id_foreign` (`kategori_id`);

--
-- Indexes for table `users`
--
ALTER TABLE `users`
  ADD PRIMARY KEY (`id`);

--
-- Indexes for table `videos`
--
ALTER TABLE `videos`
  ADD PRIMARY KEY (`id`),
  ADD KEY `videos_tarian_id_foreign` (`tarian_id`);

--
-- AUTO_INCREMENT for dumped tables
--

--
-- AUTO_INCREMENT for table `kategoris`
--
ALTER TABLE `kategoris`
  MODIFY `id` bigint(20) UNSIGNED NOT NULL AUTO_INCREMENT, AUTO_INCREMENT=12;

--
-- AUTO_INCREMENT for table `migrations`
--
ALTER TABLE `migrations`
  MODIFY `id` int(10) UNSIGNED NOT NULL AUTO_INCREMENT, AUTO_INCREMENT=22;

--
-- AUTO_INCREMENT for table `photos`
--
ALTER TABLE `photos`
  MODIFY `id` bigint(20) UNSIGNED NOT NULL AUTO_INCREMENT, AUTO_INCREMENT=53;

--
-- AUTO_INCREMENT for table `sanggars`
--
ALTER TABLE `sanggars`
  MODIFY `id` bigint(20) UNSIGNED NOT NULL AUTO_INCREMENT, AUTO_INCREMENT=13;

--
-- AUTO_INCREMENT for table `settings`
--
ALTER TABLE `settings`
  MODIFY `id` bigint(20) UNSIGNED NOT NULL AUTO_INCREMENT, AUTO_INCREMENT=3;

--
-- AUTO_INCREMENT for table `tarians`
--
ALTER TABLE `tarians`
  MODIFY `id` bigint(20) UNSIGNED NOT NULL AUTO_INCREMENT, AUTO_INCREMENT=27;

--
-- AUTO_INCREMENT for table `users`
--
ALTER TABLE `users`
  MODIFY `id` bigint(20) UNSIGNED NOT NULL AUTO_INCREMENT, AUTO_INCREMENT=6;

--
-- AUTO_INCREMENT for table `videos`
--
ALTER TABLE `videos`
  MODIFY `id` bigint(20) UNSIGNED NOT NULL AUTO_INCREMENT, AUTO_INCREMENT=23;
COMMIT;

/*!40101 SET CHARACTER_SET_CLIENT=@OLD_CHARACTER_SET_CLIENT */;
/*!40101 SET CHARACTER_SET_RESULTS=@OLD_CHARACTER_SET_RESULTS */;
/*!40101 SET COLLATION_CONNECTION=@OLD_COLLATION_CONNECTION */;
